date,price1,price2,price3
2010-02-01,265.51,280.42,299.63
2010-02-02,264.57,285.87,293.8
2010-02-03,269.4,279.49,297.2
2010-02-04,262.41,282.35,299.44
2010-02-05,264.65,284.06,302.08
2010-02-08,265.74,286.15,302.24
2010-02-09,267.22,285.77,304.36
2010-02-10,266.23,287.36,303.88
2010-02-11,267.2,286.34,309.11
2010-02-12,265.56,291.03,308.71
2010-02-16,269.64,290.1,312.36
2010-02-17,268.1,293.21,312.28
2010-02-18,270.6,292.59,314.44
2010-02-19,269.37,294.22,311.74
2010-02-22,270.39,290.97,311.08
2010-02-23,266.54,289.79,309.72
2010-02-24,264.74,287.88,311.04
2010-02-25,262.23,288.67,315.11
2010-02-26,262.42,292.21,320.42
2010-03-01,265.35,296.98,323.68
2010-03-02,269.52,299.71,329.43
2010-03-03,271.64,304.92,335.35
2010-03-04,276.26,310.32,335.62
2010-03-05,281.05,310.05,335.61
2010-03-08,280.19,309.51,344.84
2010-03-09,279.05,318.2,348.3
2010-03-10,287.15,321.14,348.63
2010-03-11,289.48,320.93,341.6
2010-03-12,288.69,313.38,343.73
2010-03-15,280.54,314.97,345.03
2010-03-16,281.54,315.74,346.56
2010-03-17,281.72,316.75,344.49
2010-03-18,282.14,314.15,344.36
2010-03-19,278.95,313.49,341.24
2010-03-22,277.71,309.84,346.49
2010-03-23,273.47,314.57,350.37
2010-03-24,277.62,317.92,351.38
2010-03-25,280.39,318.4,352.36
2010-03-26,280.29,318.86,355.58
2010-03-29,280.17,321.56,356.89
2010-03-30,282.3,322.34,358.82
2010-03-31,282.5,323.75,361.02
2010-04-01,283.34,325.42,360.72
2010-04-05,284.44,324.6,359.48
2010-04-06,283.05,322.84,362.54
2010-04-07,280.72,325.38,362.99
2010-04-08,282.69,325.31,367.31
2010-04-09,282.05,329.12,375.39
2010-04-12,285.3,336.67,377.58
2010-04-13,292.29,338.34,381.79
2010-04-14,293.4,342.04,360.38
2010-04-15,296.54,320.11,361.42
2010-04-16,274.05,320.64,364.95
2010-04-19,274.02,323.65,365.65
2010-04-20,276.48,323.83,363.11
2010-04-21,276.12,320.78,363.13
2010-04-22,272.51,320.29,357.54
2010-04-23,271.48,314.19,357.31
2010-04-26,264.83,313.45,358.43
2010-04-27,263.54,314.06,360.88
2010-04-28,263.61,316.0,358.79
2010-04-29,265.01,313.39,362.27
2010-04-30,261.87,316.37,351.25
2010-05-03,264.31,304.84,353.97
2010-05-04,252.24,307.06,349.48
2010-05-05,253.93,302.06,347.76
2010-05-06,248.4,299.83,362.99
2010-05-07,245.65,314.56,357.74
2010-05-10,259.85,308.81,356.94
2010-05-11,253.57,307.51,360.7
2010-05-12,251.75,310.76,360.05
2010-05-13,254.49,309.61,361.28
2010-05-14,252.82,310.34,357.51
2010-05-17,253.04,306.07,356.56
2010-05-18,248.25,304.62,347.89
2010-05-19,246.29,295.45,347.42
2010-05-20,236.62,294.48,350.96
2010-05-21,235.14,297.53,351.91
2010-05-24,237.69,297.99,352.11
2010-05-25,237.64,297.69,360.56
2010-05-26,236.85,305.65,359.14
2010-05-27,244.31,303.74,358.5
2010-05-28,241.91,302.61,364.96
2010-06-01,240.28,308.58,372.02
2010-06-02,245.76,315.16,369.57
2010-06-03,251.86,312.21,363.96
2010-06-04,248.43,306.12,364.56
2010-06-07,241.85,306.23,360.16
2010-06-08,241.48,301.34,367.59
2010-06-09,236.12,308.29,369.28
2010-06-10,242.6,309.5,367.59
2010-06-11,243.34,307.33,375.91
2010-06-14,240.69,315.16,378.48
2010-06-15,248.07,317.26,378.83
2010-06-16,249.7,317.13,379.74
2010-06-17,249.11,317.56,374.96
2010-06-18,249.08,312.3,374.73
2010-06-21,243.37,311.6,373.57
2010-06-22,242.22,309.96,371.02
2010-06-23,240.12,306.95,370.73
2010-06-24,236.66,306.19,371.35
2010-06-25,235.46,306.33,363.38
2010-06-28,235.16,297.89,359.65
2010-06-29,226.28,293.69,357.83
2010-06-30,221.64,291.4,357.26
2010-07-01,218.92,290.37,357.91
2010-07-02,217.46,290.56,365.84
2010-07-06,217.22,298.02,369.89
2010-07-07,224.26,301.61,376.22
2010-07-08,227.43,307.47,381.25
2010-07-09,232.87,312.04,388.78
2010-07-12,237.03,319.12,390.71
2010-07-13,243.69,320.59,392.91
2010-07-14,244.75,322.33,376.63
2010-07-15,246.09,305.6,380.76
2010-07-16,228.95,309.27,389.28
2010-07-19,232.22,317.34,388.09
2010-07-20,239.9,315.7,392.58
2010-07-21,237.86,319.73,396.03
2010-07-22,241.5,322.74,396.32
2010-07-23,244.11,322.58,398.97
2010-07-26,243.57,324.79,395.67
2010-07-27,245.4,321.04,396.81
2010-07-28,241.27,321.74,397.56
2010-07-29,241.59,322.04,401.14
2010-07-30,241.52,325.18,401.65
2010-08-02,244.29,325.26,410.67
2010-08-03,244.0,333.83,412.36
2010-08-04,252.21,335.08,409.22
2010-08-05,253.1,331.51,412.57
2010-08-06,249.18,334.42,412.53
2010-08-09,251.73,333.96,407.35
2010-08-10,250.91,328.34,408.26
2010-08-11,244.95,328.82,406.21
2010-08-12,245.09,326.34,406.6
2010-08-13,242.27,326.3,409.81
2010-08-16,241.89,329.09,406.4
2010-08-17,244.34,325.25,400.09
2010-08-18,240.17,318.52,397.87
2010-08-19,233.11,315.88,399.63
2010-08-20,230.15,317.22,394.05
2010-08-23,231.17,311.22,396.39
2010-08-24,224.85,313.14,395.31
2010-08-25,226.46,311.64,399.94
2010-08-26,224.65,315.86,397.6
2010-08-27,228.56,313.1,396.98
2010-08-30,225.5,312.07,402.82
2010-08-31,224.17,317.51,404.95
2010-09-01,229.31,319.22,409.19
2010-09-02,230.73,323.06,406.94
2010-09-03,234.27,320.4,410.71
2010-09-07,231.33,323.77,414.18
2010-09-08,234.41,326.83,414.84
2010-09-09,237.2,327.09,418.56
2010-09-10,237.18,330.42,418.32
2010-09-13,240.23,329.77,419.08
2010-09-14,239.32,330.14,419.95
2010-09-15,239.42,330.61,425.13
2010-09-16,239.63,335.4,434.81
2010-09-17,244.16,344.68,438.03
2010-09-20,253.19,347.51,439.93
2010-09-21,255.77,349.03,439.31
2010-09-22,257.04,348.01,446.81
2010-09-23,255.78,355.13,448.99
2010-09-24,262.66,356.92,447.99
2010-09-27,264.21,355.54,448.86
2010-09-28,262.6,356.03,448.52
2010-09-29,262.86,355.31,449.03
2010-09-30,261.91,355.45,448.0
2010-10-01,261.83,354.04,456.5
2010-10-04,260.2,362.16,455.15
2010-10-05,268.11,360.44,453.56
2010-10-06,266.18,358.49,457.29
2010-10-07,264.02,361.85,459.1
2010-10-08,267.17,363.29,460.93
2010-10-11,268.41,364.76,462.44
2010-10-12,269.68,365.9,461.81
2010-10-13,270.64,364.91,492.51
2010-10-14,269.46,395.24,501.15
2010-10-15,299.6,403.52,496.76
2010-10-18,307.7,398.78,497.36
2010-10-19,302.78,399.02,499.89
2010-10-20,302.85,401.19,500.67
2010-10-21,304.85,401.63,503.16
2010-10-22,305.12,403.77,504.72
2010-10-25,307.1,404.97,504.16
2010-10-26,308.14,404.06,505.71
2010-10-27,307.08,405.27,503.77
2010-10-28,308.14,402.98,504.9
2010-10-29,305.7,403.77,505.68
2010-11-01,306.35,404.21,508.43
2010-11-02,306.65,406.63,510.94
2010-11-03,308.93,408.8,511.81
2010-11-04,310.97,409.33,513.11
2010-11-05,311.37,410.3,512.59
2010-11-08,312.21,409.44,512.07
2010-11-09,311.24,408.59,509.67
2010-11-10,310.28,405.87,503.18
2010-11-11,307.44,399.06,499.72
2010-11-12,300.52,395.27,494.29
2010-11-15,296.62,389.51,494.62
2010-11-16,290.77,389.53,501.51
2010-11-17,290.69,396.1,499.06
2010-11-18,297.17,393.34,499.66
2010-11-19,294.31,393.62,495.96
2010-11-22,294.51,389.61,502.31
2010-11-23,290.42,395.64,500.22
2010-11-24,296.37,393.24,496.66
2010-11-26,293.9,389.38,483.88
2010-11-29,289.97,376.29,488.55
2010-11-30,276.82,380.66,492.64
2010-12-01,281.12,384.44,493.58
2010-12-02,284.84,385.08,496.6
2010-12-03,285.43,387.8,501.31
2010-12-06,288.1,392.22,503.34
2010-12-07,292.47,393.96,504.15
2010-12-08,294.17,394.48,504.83
2010-12-09,294.65,394.86,506.35
2010-12-10,295.0,396.09,506.81
2010-12-13,296.2,396.27,504.82
2010-12-14,296.34,393.99,505.82
2010-12-15,294.05,394.71,505.67
2010-12-16,294.75,394.28,508.08
2010-12-17,294.3,396.41,512.35
2010-12-20,296.42,400.41,513.84
2010-12-21,300.41,401.61,513.48
2010-12-22,301.61,400.99,512.83
2010-12-23,300.99,400.06,511.36
2010-12-27,300.07,398.33,512.65
2010-12-28,298.34,399.35,511.84
2010-12-29,299.38,398.27,509.64
2010-12-30,298.31,395.81,515.05
2010-12-31,295.88,400.96,514.17
2011-01-03,301.05,399.82,517.86
2011-01-04,299.94,403.25,520.29
2011-01-05,303.4,405.42,521.96
2011-01-06,305.6,406.85,521.06
2011-01-07,307.07,405.69,522.16
2011-01-10,305.96,406.54,522.78
2011-01-11,306.85,406.92,522.88
2011-01-12,307.28,406.77,526.8
2011-01-13,307.19,410.44,534.67
2011-01-14,310.92,418.08,530.92
2011-01-18,318.62,414.08,528.6
2011-01-19,314.7,411.53,521.32
2011-01-20,312.21,404.01,521.1
2011-01-21,304.77,403.56,525.65
2011-01-24,304.4,407.88,524.09
2011-01-25,308.8,406.09,524.37
2011-01-26,307.1,406.15,516.63
2011-01-27,307.24,398.18,516.44
2011-01-28,299.37,397.77,521.88
2011-01-31,299.06,402.99,522.47
2011-02-01,304.38,403.36,521.66
2011-02-02,304.86,402.33,522.17
2011-02-03,303.94,402.63,523.91
2011-02-04,304.35,404.16,526.04
2011-02-07,306.0,406.07,525.18
2011-02-08,308.04,405.01,525.23
2011-02-09,307.1,404.85,529.32
2011-02-10,307.07,408.73,531.2
2011-02-11,311.08,410.41,529.27
2011-02-14,312.9,408.28,529.35
2011-02-15,310.91,408.17,529.92
2011-02-16,310.94,408.54,532.36
2011-02-17,311.46,410.79,522.5
2011-02-18,313.86,400.74,523.08
2011-02-22,303.97,401.13,521.86
2011-02-23,304.52,399.72,522.48
2011-02-24,303.27,400.16,524.17
2011-02-25,303.88,401.66,517.88
2011-02-28,305.55,395.19,517.89
2011-03-01,299.26,395.03,522.26
2011-03-02,299.27,399.21,517.79
2011-03-03,303.64,394.57,513.31
2011-03-04,299.19,389.92,513.61
2011-03-07,294.73,390.05,513.31
2011-03-08,295.05,389.59,507.56
2011-03-09,294.78,383.67,505.73
2011-03-10,289.07,381.68,502.34
2011-03-11,287.28,378.12,502.07
2011-03-14,283.93,377.69,495.8
2011-03-15,283.72,371.27,497.86
2011-03-16,277.51,373.17,497.64
2011-03-17,279.63,372.8,505.26
2011-03-18,279.48,380.27,505.58
2011-03-21,287.17,380.44,507.9
2011-03-22,287.58,382.62,510.17
2011-03-23,289.99,384.74,506.5
2011-03-24,292.35,380.94,504.22
2011-03-25,288.79,378.51,507.28
2011-03-28,286.61,381.43,507.22
2011-03-29,289.78,381.24,509.54
2011-03-30,289.83,383.43,511.93
2011-03-31,292.28,385.68,509.74
2011-04-01,294.8,383.37,500.34
2011-04-04,292.74,373.84,502.73
2011-04-05,283.48,376.1,505.47
2011-04-06,286.02,378.73,504.4
2011-04-07,288.92,377.54,503.84
2011-04-08,288.0,376.86,500.31
2011-04-11,287.61,373.21,502.96
2011-04-12,284.24,375.75,503.89
2011-04-13,287.06,376.57,479.89
2011-04-14,288.17,352.46,477.77
2011-04-15,264.36,350.23,474.93
2011-04-18,262.44,347.29,476.82
2011-04-19,259.79,349.07,476.29
2011-04-20,261.88,348.45,476.06
2011-04-21,261.57,348.12,479.71
2011-04-25,261.54,351.67,481.94
2011-04-26,265.42,353.81,481.81
2011-04-27,267.88,353.6,484.63
2011-04-28,267.98,356.32,481.63
2011-04-29,271.03,353.24,479.05
2011-05-02,268.27,350.58,479.75
2011-05-03,265.95,351.19,478.73
2011-05-04,266.89,350.09,478.98
2011-05-05,266.14,350.26,479.89
2011-05-06,266.65,351.1,482.1
2011-05-09,267.84,353.24,478.23
2011-05-10,270.32,349.29,477.74
2011-05-11,266.73,348.74,474.71
2011-05-12,266.53,345.64,468.87
2011-05-13,263.79,339.73,474.56
2011-05-16,258.24,345.37,473.93
2011-05-17,264.24,344.68,474.33
2011-05-18,263.92,345.02,470.42
2011-05-19,264.63,341.05,467.28
2011-05-20,261.04,337.86,466.89
2011-05-23,258.23,337.42,467.25
2011-05-24,258.16,337.74,466.14
2011-05-25,258.86,336.58,467.18
2011-05-26,258.1,337.57,470.87
2011-05-27,259.48,341.23,468.81
2011-05-31,263.52,339.13,469.67
2011-06-01,261.82,339.95,466.83
2011-06-02,263.04,337.07,465.45
2011-06-03,260.56,335.66,464.06
2011-06-06,259.56,334.24,463.74
2011-06-07,258.55,333.9,462.14
2011-06-08,258.62,332.27,458.15
2011-06-09,257.4,328.26,455.37
2011-06-10,253.8,325.46,456.78
2011-06-13,251.42,326.85,453.67
2011-06-14,253.24,323.72,451.97
2011-06-15,250.54,322.01,443.9
2011-06-16,249.25,313.93,443.26
2011-06-17,241.6,313.28,447.03
2011-06-20,241.39,317.03,443.61
2011-06-21,245.58,313.61,439.79
2011-06-22,242.6,309.79,436.68
2011-06-23,239.21,306.68,440.18
2011-06-24,236.55,310.18,445.13
2011-06-27,240.5,315.13,446.62
2011-06-28,245.9,316.63,450.54
2011-06-29,247.86,320.56,457.37
2011-06-30,252.24,327.4,462.58
2011-07-01,259.54,332.62,463.55
2011-07-05,265.23,333.61,468.67
2011-07-06,266.68,338.75,460.9
2011-07-07,272.28,331.0,458.06
2011-07-08,265.0,328.18,460.91
2011-07-11,262.66,331.06,462.53
2011-07-12,266.01,332.7,457.38
2011-07-13,268.12,327.58,491.07
2011-07-14,263.48,361.31,489.22
2011-07-15,297.69,359.49,492.49
2011-07-18,296.36,362.79,488.38
2011-07-19,300.15,358.71,493.64
2011-07-20,296.56,364.02,498.7
2011-07-21,302.36,369.13,498.53
2011-07-22,307.96,369.0,499.75
2011-07-25,308.33,370.27,491.58
2011-07-26,310.1,362.14,492.88
2011-07-27,302.48,363.49,488.71
2011-07-28,304.33,359.37,489.67
2011-07-29,300.72,360.4,481.95
2011-08-01,302.25,352.73,485.74
2011-08-02,295.09,356.59,473.38
2011-08-03,299.46,344.29,473.56
2011-08-04,287.68,344.53,456.52
2011-08-05,288.44,327.56,469.57
2011-08-08,271.99,340.68,456.82
2011-08-09,285.63,328.01,462.76
2011-08-10,273.48,334.02,462.97
2011-08-11,280.02,334.3,459.1
2011-08-12,280.83,330.52,449.41
2011-08-15,277.57,320.9,445.88
2011-08-16,268.49,317.45,431.17
2011-08-17,265.58,302.83,423.59
2011-08-18,251.5,295.34,426.57
2011-08-19,244.54,298.41,436.23
2011-08-22,248.15,308.16,437.81
2011-08-23,258.44,309.84,435.55
2011-08-24,260.67,307.67,438.3
2011-08-25,259.05,310.52,443.74
2011-08-26,262.45,316.06,443.89
2011-08-29,268.53,316.31,443.36
2011-08-30,269.34,315.89,438.48
2011-08-31,269.47,311.12,434.0
2011-09-01,265.26,306.75,432.0
2011-09-02,261.44,304.86,437.23
2011-09-06,260.12,310.2,437.01
2011-09-07,266.02,310.1,431.29
2011-09-08,266.48,304.5,433.23
2011-09-09,261.45,306.56,432.24
2011-09-12,264.07,305.7,432.82
2011-09-13,263.77,306.4,437.34
2011-09-14,265.04,311.05,438.69
2011-09-15,270.27,312.53,437.98
2011-09-16,272.32,311.95,437.25
2011-09-19,272.31,311.35,432.84
2011-09-20,272.29,307.08,422.88
2011-09-21,268.59,297.26,424.58
2011-09-22,259.36,299.1,427.03
2011-09-23,261.77,301.69,430.01
2011-09-26,264.95,304.82,424.05
2011-09-27,268.66,299.01,422.65
2011-09-28,263.43,297.75,415.7
2011-09-29,262.77,290.96,405.24
2011-09-30,256.56,280.64,407.67
2011-10-03,246.83,283.23,408.31
2011-10-04,250.01,284.04,412.54
2011-10-05,251.41,288.43,411.99
2011-10-06,256.39,288.04,422.22
2011-10-07,256.6,298.43,424.45
2011-10-10,267.58,300.82,426.33
2011-10-11,270.58,302.88,430.79
2011-10-12,273.23,307.5,446.3
2011-10-13,278.45,323.19,440.9
2011-10-14,294.74,317.97,444.16
2011-10-17,290.12,321.4,438.49
2011-10-18,294.15,315.91,439.18
2011-10-19,289.27,316.79,441.79
2011-10-20,290.75,319.58,443.95
2011-10-21,294.14,321.93,436.55
2011-10-24,297.1,314.71,437.32
2011-10-25,290.49,315.67,442.67
2011-10-26,292.06,321.22,442.6
2011-10-27,298.22,321.34,438.06
2011-10-28,298.95,317.0,430.28
2011-10-31,295.21,309.42,432.54
2011-11-01,288.24,311.88,438.04
2011-11-02,291.32,317.58,436.54
2011-11-03,297.63,316.29,441.79
2011-11-04,296.96,321.75,442.96
2011-11-07,303.03,323.13,436.46
2011-11-08,305.03,316.84,432.71
2011-11-09,299.35,313.3,438.48
2011-11-10,296.43,319.29,439.96
2011-11-11,303.04,320.99,440.9
2011-11-14,305.36,322.14,437.52
2011-11-15,307.13,318.98,431.39
2011-11-16,304.59,313.08,427.56
2011-11-17,299.31,309.48,419.77
2011-11-18,296.33,301.91,418.45
2011-11-21,289.39,300.82,412.67
2011-11-22,288.92,295.28,408.27
2011-11-23,283.99,291.11,419.96
2011-11-25,280.45,303.04,416.48
2011-11-28,293.0,299.79,423.81
2011-11-29,290.38,307.37,430.11
2011-11-30,298.58,313.91,432.52
2011-12-01,305.74,316.56,434.29
2011-12-02,309.02,318.58,432.48
2011-12-05,311.66,317.01,431.41
2011-12-06,310.72,316.2,426.88
2011-12-07,310.53,311.92,431.66
2011-12-08,306.87,316.95,429.77
2011-12-09,312.54,315.32,429.0
2011-12-12,311.53,314.81,424.35
2011-12-13,311.65,310.42,424.19
2011-12-14,307.88,310.52,426.5
2011-12-15,308.61,313.1,423.55
2011-12-16,311.81,310.41,426.91
2011-12-19,309.75,314.04,423.74
2011-12-20,314.01,311.15,424.78
2011-12-21,311.74,312.45,425.59
2011-12-22,313.67,313.54,428.23
2011-12-23,315.39,316.46,427.05
2011-12-27,318.93,315.56,427.49
2011-12-28,318.66,316.27,428.33
2011-12-29,320.0,317.39,437.13
2011-12-30,321.74,326.49,437.65
2012-01-03,331.46,327.29,432.12
2012-01-04,332.89,322.05,426.73
2012-01-05,328.27,316.94,412.08
2012-01-06,323.8,302.59,411.5
2012-01-09,310.07,302.3,411.99
2012-01-10,310.41,303.08,412.9
2012-01-11,311.81,304.29,409.66
2012-01-12,313.64,301.35,410.53
2012-01-13,311.33,302.52,411.76
2012-01-17,313.12,304.05,414.15
2012-01-18,315.27,306.75,386.53
2012-01-19,318.59,279.44,385.36
2012-01-20,291.9,278.58,382.15
2012-01-23,291.67,275.67,375.51
2012-01-24,289.38,269.35,373.89
2012-01-25,283.68,268.04,378.87
2012-01-26,282.99,273.34,376.79
2012-01-27,288.91,271.58,377.06
2012-01-30,287.77,272.17,376.48
2012-01-31,288.97,271.91,377.67
2012-02-01,289.33,273.43,382.32
2012-02-02,291.46,278.4,387.73
2012-02-03,297.05,284.14,385.64
2012-02-06,303.41,282.37,386.23
2012-02-07,302.25,283.29,386.08
2012-02-08,303.79,283.48,382.37
2012-02-09,304.59,280.1,384.56
2012-02-10,301.82,282.63,382.39
2012-02-13,304.96,280.8,379.35
2012-02-14,303.74,278.1,378.88
2012-02-15,301.65,277.97,376.99
2012-02-16,302.13,276.42,380.7
2012-02-17,301.19,280.48,376.73
2012-02-21,305.85,276.86,374.87
2012-02-22,302.83,275.34,375.8
2012-02-23,301.92,276.62,374.56
2012-02-24,303.81,275.73,378.12
2012-02-27,303.52,279.65,377.1
2012-02-28,308.04,278.98,378.21
2012-02-29,307.97,280.45,376.68
2012-03-01,310.04,279.28,372.24
2012-03-02,309.47,275.19,366.65
2012-03-05,305.98,269.97,366.61
2012-03-06,301.35,270.29,365.82
2012-03-07,302.27,269.87,361.43
2012-03-08,302.44,265.85,362.91
2012-03-09,299.0,267.7,368.24
2012-03-12,301.45,273.4,366.39
2012-03-13,307.74,271.92,367.99
2012-03-14,306.84,273.89,368.98
2012-03-15,309.41,275.26,372.47
2012-03-16,311.35,279.13,371.27
2012-03-19,315.81,278.3,373.54
2012-03-20,315.56,280.95,375.6
2012-03-21,318.8,283.4,372.92
2012-03-22,321.82,281.1,375.31
2012-03-23,320.1,283.88,373.2
2012-03-26,323.45,282.15,376.59
2012-03-27,322.3,285.93,371.97
2012-03-28,326.66,281.7,367.44
2012-03-29,322.99,277.56,369.31
2012-03-30,319.42,279.82,366.2
2012-04-02,322.25,277.11,361.52
2012-04-03,320.11,272.82,359.15
2012-04-04,316.39,270.85,357.45
2012-04-05,314.98,269.55,354.51
2012-04-09,314.24,267.01,358.08
2012-04-10,312.26,270.99,364.62
2012-04-11,316.79,277.93,350.5
2012-04-12,324.29,264.22,340.31
2012-04-13,311.13,254.43,341.1
2012-04-16,301.9,255.63,339.08
2012-04-17,303.65,254.02,334.07
2012-04-18,302.59,249.42,331.5
2012-04-19,298.53,247.26,331.31
2012-04-20,296.92,247.48,332.18
2012-04-23,297.68,248.77,335.43
2012-04-24,299.51,252.44,337.34
2012-04-25,303.72,254.77,336.14
2012-04-26,306.59,253.99,330.14
2012-04-27,306.34,248.41,328.98
2012-04-30,301.3,247.67,329.43
2012-05-01,301.09,248.55,330.35
2012-05-02,302.5,249.9,322.4
2012-05-03,304.37,242.37,326.72
2012-05-04,297.37,247.12,328.38
2012-05-07,302.64,249.21,325.62
2012-05-08,305.25,246.88,326.92
2012-05-09,303.44,248.61,321.77
2012-05-10,305.68,243.9,320.21
2012-05-11,301.48,242.78,322.81
2012-05-14,300.87,245.81,330.74
2012-05-15,304.41,254.18,326.87
2012-05-16,313.29,250.75,314.64
2012-05-17,310.36,238.96,320.53
2012-05-18,299.08,245.29,312.96
2012-05-21,305.91,238.16,316.34
2012-05-22,299.28,241.98,312.51
2012-05-23,303.59,238.6,305.53
2012-05-24,300.7,232.07,305.99
2012-05-25,294.66,232.98,302.01
2012-05-29,296.06,229.45,297.41
2012-05-30,293.02,225.3,291.56
2012-05-31,289.35,219.9,294.42
2012-06-01,284.42,223.21,289.41
2012-06-04,288.21,218.66,293.54
2012-06-05,284.14,223.25,291.45
2012-06-06,289.2,221.62,291.63
2012-06-07,288.04,222.26,284.75
2012-06-08,289.14,215.84,282.14
2012-06-11,283.19,213.68,279.22
2012-06-12,281.49,211.23,277.28
2012-06-13,279.5,209.75,279.08
2012-06-14,278.48,212.02,281.33
2012-06-15,281.2,214.73,285.73
2012-06-18,284.36,219.6,282.81
2012-06-19,289.68,217.15,275.78
2012-06-20,287.68,210.58,277.99
2012-06-21,281.55,213.26,271.71
2012-06-22,284.67,207.46,272.79
2012-06-25,279.3,209.01,274.18
2012-06-26,281.29,210.87,270.79
2012-06-27,283.59,207.96,277.74
2012-06-28,281.1,215.39,277.04
2012-06-29,288.95,215.16,279.81
2012-07-02,289.15,218.41,282.94
2012-07-03,292.82,222.02,277.1
2012-07-05,296.85,216.66,276.22
2012-07-06,291.9,216.26,273.18
2012-07-09,291.91,213.7,267.06
2012-07-10,289.76,208.06,265.82
2012-07-11,284.53,207.31,267.94
2012-07-12,284.17,209.92,266.26
2012-07-13,287.18,208.72,266.28
2012-07-16,286.39,209.23,267.41
2012-07-17,287.29,210.85,272.66
2012-07-18,289.3,216.59,280.64
2012-07-19,295.42,225.05,282.1
2012-07-20,304.27,227.01,277.28
2012-07-23,306.61,222.68,276.62
2012-07-24,302.65,222.51,278.43
2012-07-25,302.86,224.81,288.32
2012-07-26,305.53,235.2,286.14
2012-07-27,316.29,233.51,285.61
2012-07-30,314.97,233.49,284.61
2012-07-31,315.3,232.98,281.8
2012-08-01,315.16,230.67,287.21
2012-08-02,313.2,236.58,287.11
2012-08-03,319.47,236.98,285.12
2012-08-06,320.21,235.5,285.12
2012-08-07,319.07,236.0,284.34
2012-08-08,319.92,235.72,283.32
2012-08-09,319.98,235.21,291.46
2012-08-10,319.8,243.85,294.93
2012-08-13,328.77,247.83,293.54
2012-08-14,333.08,246.94,295.37
2012-08-15,332.52,249.27,296.67
2012-08-16,335.18,251.08,295.05
2012-08-17,337.31,249.97,291.22
2012-08-20,336.51,246.65,294.22
2012-08-21,333.5,250.17,293.22
2012-08-22,337.33,249.67,293.31
2012-08-23,337.14,250.28,287.81
2012-08-24,338.05,245.29,291.01
2012-08-27,333.36,249.0,295.56
2012-08-28,337.36,254.07,291.6
2012-08-29,342.72,250.63,292.5
2012-08-30,339.57,252.04,289.69
2012-08-31,341.27,249.74,288.73
2012-09-04,339.25,249.31,297.25
2012-09-05,339.09,258.34,299.82
2012-09-06,348.39,261.43,296.35
2012-09-07,351.76,258.48,291.3
2012-09-10,349.08,253.94,289.86
2012-09-11,344.8,253.03,296.64
2012-09-12,344.15,260.33,297.68
2012-09-13,351.7,261.89,297.06
2012-09-14,353.51,261.79,300.42
2012-09-17,353.66,265.68,304.25
2012-09-18,357.8,270.03,303.8
2012-09-19,362.39,270.1,305.96
2012-09-20,362.7,272.79,312.87
2012-09-21,365.62,280.22,312.01
2012-09-24,373.29,279.89,313.4
2012-09-25,373.18,281.8,314.17
2012-09-26,375.32,283.1,312.43
2012-09-27,376.84,281.89,315.31
2012-09-28,375.84,285.3,312.19
2012-10-01,379.47,282.7,314.2
2012-10-02,377.08,285.24,316.23
2012-10-03,379.83,287.81,315.31
2012-10-04,382.59,287.41,309.69
2012-10-05,382.39,282.33,302.12
2012-10-08,377.51,275.29,301.64
2012-10-09,370.66,275.34,304.37
2012-10-10,370.89,278.6,300.31
2012-10-11,374.34,275.07,297.72
2012-10-12,370.98,273.02,298.87
2012-10-15,369.11,274.7,303.54
2012-10-16,370.96,279.9,272.71
2012-10-17,376.33,249.61,265.44
2012-10-18,346.2,242.87,263.19
2012-10-19,339.62,241.16,263.34
2012-10-22,338.07,241.84,261.14
2012-10-23,338.9,240.17,260.69
2012-10-24,337.39,240.26,258.71
2012-10-25,337.61,238.82,260.6
2012-10-26,336.31,241.24,263.56
2012-10-31,338.88,244.74,263.06
2012-11-01,342.51,244.78,259.92
2012-11-02,342.68,242.18,258.65
2012-11-05,340.2,241.44,250.72
2012-11-06,339.59,234.05,242.68
2012-11-07,332.31,226.55,247.38
2012-11-08,324.93,231.79,248.16
2012-11-09,330.28,233.11,244.11
2012-11-12,331.71,229.6,240.23
2012-11-13,328.29,226.26,236.96
2012-11-14,325.06,223.53,236.29
2012-11-15,322.42,223.4,246.14
2012-11-16,322.38,233.79,246.39
2012-11-19,332.86,234.58,243.73
2012-11-20,333.73,232.46,244.16
2012-11-21,331.69,233.43,240.15
2012-11-23,332.74,229.96,244.3
2012-11-26,329.34,234.65,250.15
2012-11-27,334.1,241.05,253.64
2012-11-28,340.56,245.08,256.27
2012-11-29,344.65,248.25,254.12
2012-11-30,347.88,246.65,251.43
2012-12-03,346.33,244.5,249.25
2012-12-04,344.22,242.85,250.31
2012-12-05,342.63,244.46,246.29
2012-12-06,344.27,240.98,246.31
2012-12-07,340.83,241.55,251.45
2012-12-10,341.43,247.23,251.22
2012-12-11,347.14,247.54,253.22
2012-12-12,347.48,250.08,252.29
2012-12-13,350.04,249.7,261.11
2012-12-14,349.67,259.06,260.7
2012-12-17,359.04,259.19,259.68
2012-12-18,359.19,258.71,260.25
2012-12-19,358.71,259.83,256.36
2012-12-20,359.83,256.48,252.77
2012-12-21,356.48,253.43,251.93
2012-12-24,353.43,253.13,250.11
2012-12-26,353.11,251.86,246.46
2012-12-27,351.83,248.75,249.61
2012-12-28,348.7,252.45,257.0
2012-12-31,352.37,260.38,256.7
2013-01-02,360.27,260.62,263.31
2013-01-03,360.48,267.77,261.2
2013-01-04,367.61,266.21,259.98
2013-01-07,366.0,265.53,261.88
2013-01-08,365.28,267.97,263.07
2013-01-09,367.68,269.7,261.84
2013-01-10,369.36,269.01,253.01
2013-01-11,368.61,260.73,253.37
2013-01-14,360.27,261.63,248.04
2013-01-15,361.11,256.84,245.64
2013-01-16,356.26,254.98,241.78
2013-01-17,354.33,251.66,240.5
2013-01-18,350.94,250.92,259.28
2013-01-22,350.12,270.25,265.16
2013-01-23,369.37,276.66,264.44
2013-01-24,375.7,276.48,262.52
2013-01-25,375.43,275.11,263.55
2013-01-28,373.96,276.68,263.19
2013-01-29,375.43,276.85,263.68
2013-01-30,375.51,277.88,273.16
2013-01-31,376.43,287.91,264.48
2013-02-01,386.35,279.76,267.4
2013-02-04,378.09,283.23,269.19
2013-02-05,381.44,285.55,270.66
2013-02-06,383.65,287.56,275.93
2013-02-07,385.53,293.38,274.06
2013-02-08,391.22,292.04,272.8
2013-02-11,389.75,291.32,273.48
2013-02-12,388.89,292.53,275.55
2013-02-13,389.97,295.15,277.69
2013-02-14,392.44,297.82,284.26
2013-02-15,394.96,304.92,276.71
2013-02-19,401.92,297.91,277.86
2013-02-20,394.75,299.6,279.57
2013-02-21,396.28,301.84,274.75
2013-02-22,398.36,297.55,274.06
2013-02-25,393.91,297.4,278.51
2013-02-26,393.59,302.38,278.86
2013-02-27,398.4,303.27,280.99
2013-02-28,399.1,305.93,288.27
2013-03-01,401.59,313.74,296.45
2013-03-04,409.22,322.45,292.51
2013-03-05,417.73,319.05,292.78
2013-03-06,414.14,319.85,291.91
2013-03-07,414.75,319.51,293.23
2013-03-08,414.21,321.36,289.31
2013-03-11,415.85,317.97,287.85
2013-03-12,412.26,317.04,285.66
2013-03-13,411.11,315.38,281.74
2013-03-14,409.24,311.99,278.19
2013-03-15,405.63,308.97,279.65
2013-03-18,402.39,310.95,281.04
2013-03-19,404.15,312.87,279.03
2013-03-20,405.83,311.38,278.26
2013-03-21,404.12,311.14,277.65
2013-03-22,403.64,311.05,278.75
2013-03-25,403.31,312.68,273.61
2013-03-26,404.69,308.06,269.12
2013-03-27,399.83,304.1,272.34
2013-03-28,395.61,307.84,277.98
2013-04-01,399.1,314.0,274.31
2013-04-02,405.0,310.85,268.51
2013-04-03,401.59,305.57,262.27
2013-04-04,396.05,299.85,257.94
2013-04-05,390.06,296.04,259.09
2013-04-08,385.98,297.71,265.09
2013-04-09,387.37,304.23,264.96
2013-04-10,393.61,304.62,264.56
2013-04-11,393.72,304.74,260.29
2013-04-12,393.55,300.98,265.77
2013-04-15,389.51,306.97,260.17
2013-04-16,395.2,301.88,251.66
2013-04-17,389.82,293.89,268.36
2013-04-18,381.52,311.11,268.28
2013-04-19,398.44,311.54,271.96
2013-04-22,398.56,315.73,274.53
2013-04-23,402.44,318.81,272.17
2013-04-24,405.21,316.96,268.15
2013-04-25,403.04,313.45,276.75
2013-04-26,399.21,322.56,279.32
2013-04-29,408.0,325.63,277.08
2013-04-30,410.75,323.9,281.48
2013-05-01,408.68,328.81,289.34
2013-05-02,413.26,337.17,297.06
2013-05-03,421.28,345.4,294.75
2013-05-06,429.17,343.59,302.76
2013-05-07,427.01,352.11,301.54
2013-05-08,435.18,351.39,305.75
2013-05-09,434.11,356.1,304.26
2013-05-10,438.47,355.11,308.89
2013-05-13,437.13,360.24,323.09
2013-05-14,441.89,374.94,316.98
2013-05-15,456.23,369.32,319.49
2013-05-16,450.25,372.33,319.05
2013-05-17,452.89,372.38,318.15
2013-05-20,452.57,371.98,309.29
2013-05-21,451.79,363.62,305.88
2013-05-22,443.05,360.7,301.06
2013-05-23,439.75,356.37,304.91
2013-05-24,435.03,360.72,298.36
2013-05-28,438.99,354.65,299.49
2013-05-29,432.53,356.27,299.63
2013-05-30,433.75,356.89,297.75
2013-05-31,433.98,355.5,293.42
2013-06-03,432.2,351.66,293.64
2013-06-04,427.95,352.36,296.03
2013-06-05,428.24,355.23,303.47
2013-06-06,430.71,363.16,308.63
2013-06-07,438.22,368.8,303.38
2013-06-10,443.45,364.04,299.42
2013-06-11,438.26,360.56,301.87
2013-06-12,434.36,363.48,300.84
2013-06-13,436.86,362.93,306.38
2013-06-14,435.89,368.95,313.5
2013-06-17,441.47,376.54,313.49
2013-06-18,448.63,377.0,305.51
2013-06-19,448.66,369.5,303.58
2013-06-20,440.72,368.05,298.01
2013-06-21,438.82,362.94,296.2
2013-06-24,433.27,361.6,299.89
2013-06-25,431.48,365.76,301.58
2013-06-26,435.19,367.92,303.21
2013-06-27,436.9,370.01,306.94
2013-06-28,438.54,374.21,304.16
2013-07-01,442.28,371.9,306.22
2013-07-02,439.51,374.41,309.74
2013-07-03,441.56,378.4,315.52
2013-07-05,445.08,384.64,315.61
2013-07-08,450.86,385.19,316.0
2013-07-09,450.93,386.04,323.12
2013-07-10,451.3,393.61,324.51
2013-07-11,458.4,395.46,325.38
2013-07-12,459.78,396.79,322.88
2013-07-15,460.62,394.74,322.39
2013-07-16,458.09,394.7,318.51
2013-07-17,457.56,391.26,311.53
2013-07-18,453.64,384.74,318.6
2013-07-19,446.63,392.26,315.21
2013-07-22,453.65,389.32,314.82
2013-07-23,450.21,389.37,307.3
2013-07-24,449.76,382.3,306.19
2013-07-25,442.19,381.63,304.72
2013-07-26,441.02,380.6,309.1
2013-07-29,439.49,385.42,307.59
2013-07-30,443.8,384.35,315.87
2013-07-31,442.22,393.06,317.12
2013-08-01,450.42,394.75,316.42
2013-08-02,451.59,394.48,312.3
2013-08-05,450.81,390.8,309.44
2013-08-06,446.61,388.37,310.54
2013-08-07,443.66,389.9,309.51
2013-08-08,444.66,389.3,307.17
2013-08-09,443.54,387.39,305.15
2013-08-12,441.1,385.8,299.56
2013-08-13,438.98,380.63,294.61
2013-08-14,433.28,376.11,293.36
2013-08-15,428.22,375.27,297.83
2013-08-16,426.86,380.16,297.83
2013-08-19,431.21,380.59,299.9
2013-08-20,431.09,383.08,302.21
2013-08-21,433.04,385.8,300.6
2013-08-22,435.22,384.61,298.83
2013-08-23,433.48,383.25,290.88
2013-08-26,431.58,375.71,290.22
2013-08-27,423.49,375.47,293.79
2013-08-28,422.69,379.45,289.69
2013-08-29,426.12,375.75,296.56
2013-08-30,421.87,383.02,302.32
2013-09-03,428.58,389.19,306.42
2013-09-04,434.19,393.7,306.59
2013-09-05,438.14,394.27,310.98
2013-09-06,438.15,399.05,311.45
2013-09-09,442.37,399.93,315.37
2013-09-10,442.68,404.24,313.98
2013-09-11,446.42,403.25,312.17
2013-09-12,444.86,401.83,311.7
2013-09-13,442.88,401.75,311.06
2013-09-16,442.22,401.5,319.82
2013-09-17,441.4,410.65,317.55
2013-09-18,449.97,408.77,320.1
2013-09-19,447.52,411.7,312.02
2013-09-20,449.87,404.01,312.38
2013-09-23,441.59,404.76,307.8
2013-09-24,441.76,400.55,308.47
2013-09-25,436.98,401.61,307.79
2013-09-26,437.45,401.31,307.76
2013-09-27,436.56,401.65,313.5
2013-09-30,436.32,407.77,314.21
2013-10-01,441.84,408.85,308.5
2013-10-02,442.34,403.51,306.86
2013-10-03,436.41,402.24,303.8
2013-10-04,434.55,399.54,298.01
2013-10-07,431.25,394.12,299.33
2013-10-08,425.24,395.81,305.73
2013-10-09,426.33,402.57,307.84
2013-10-10,432.5,405.04,310.13
2013-10-11,434.37,407.69,313.31
2013-10-14,436.42,411.23,321.54
2013-10-15,439.36,419.81,317.18
2013-10-16,447.34,415.81,378.52
2013-10-17,442.74,477.5,374.73
2013-10-18,503.82,474.06,376.83
2013-10-21,499.78,476.51,389.25
2013-10-22,501.62,489.28,386.59
2013-10-23,513.78,486.97,381.7
2013-10-24,510.86,482.42,381.87
2013-10-25,505.7,482.93,392.72
2013-10-28,505.6,494.12,390.09
2013-10-29,516.19,491.84,390.45
2013-10-30,513.29,492.53,388.96
2013-10-31,513.37,491.38,388.78
2013-11-01,511.6,491.53,386.78
2013-11-04,511.14,489.86,387.67
2013-11-05,508.85,491.08,380.59
2013-11-06,509.47,484.33,384.9
2013-11-07,502.09,488.97,382.49
2013-11-08,506.12,486.88,383.38
2013-11-11,503.41,488.09,393.98
2013-11-12,504.0,499.01,395.66
2013-11-13,514.31,501.01,395.13
2013-11-14,515.68,500.8,394.43
2013-11-15,514.85,500.42,391.58
2013-11-18,513.85,497.87,390.45
2013-11-19,510.69,497.06,396.62
2013-11-20,509.25,503.54,395.84
2013-11-21,515.1,503.07,403.16
2013-11-22,514.02,510.69,409.69
2013-11-25,521.01,517.53,412.35
2013-11-26,527.23,520.49,410.92
2013-11-27,529.57,519.36,408.7
2013-11-29,527.82,517.44,408.42
2013-12-02,525.27,517.46,411.21
2013-12-03,524.66,520.54,411.12
2013-12-04,527.11,520.74,417.7
2013-12-05,526.7,527.61,422.15
2013-12-06,532.94,532.36,425.74
2013-12-09,537.06,536.23,422.41
2013-12-10,540.3,533.18,419.1
2013-12-11,536.63,530.16,414.88
2013-12-12,532.98,526.22,421.3
2013-12-13,528.41,532.92,420.09
2013-12-16,534.49,531.99,427.86
2013-12-17,532.93,540.03,428.95
2013-12-18,540.35,541.39,436.47
2013-12-19,541.08,549.19,444.04
2013-12-20,548.26,557.03,442.78
2013-12-23,555.47,556.03,445.94
2013-12-24,553.84,559.46,446.77
2013-12-26,556.64,560.55,442.68
2013-12-27,557.11,556.73,448.65
2013-12-30,552.66,562.95,445.24
2013-12-31,558.26,559.8,441.56
2014-01-02,554.48,556.38,448.07
2014-01-03,550.44,563.14,459.17
2014-01-06,556.57,574.5,460.73
2014-01-07,567.3,576.3,455.63
2014-01-08,568.48,571.45,455.98
2014-01-09,563.01,572.05,452.77
2014-01-10,562.98,569.08,466.32
2014-01-13,559.39,582.87,466.31
2014-01-14,572.55,583.1,470.48
2014-01-15,572.17,587.51,468.04
2014-01-16,575.95,585.3,474.98
2014-01-17,573.12,592.48,476.03
2014-01-21,579.68,593.76,473.97
2014-01-22,580.33,591.93,456.3
2014-01-23,577.88,574.48,445.43
2014-01-24,559.82,563.84,456.68
2014-01-27,548.56,575.31,449.06
2014-01-28,559.41,567.91,463.64
2014-01-29,551.39,582.71,486.75
2014-01-30,565.58,606.04,463.47
2014-01-31,588.28,582.97,466.23
2014-02-03,564.6,585.94,469.14
2014-02-04,566.95,589.07,477.89
2014-02-05,569.47,598.03,487.01
2014-02-06,577.81,607.35,485.17
2014-02-07,586.52,605.72,494.17
2014-02-10,584.27,614.92,492.84
2014-02-11,592.87,613.79,499.84
2014-02-12,591.13,620.98,501.69
2014-02-13,597.71,623.04,506.13
2014-02-14,599.15,627.67,502.29
2014-02-18,603.18,624.02,503.59
2014-02-19,598.93,625.51,503.85
2014-02-20,599.81,625.96,508.61
2014-02-21,599.65,630.9,512.76
2014-02-24,603.99,635.24,513.27
2014-02-25,607.72,635.92,513.21
2014-02-26,607.81,636.05,511.86
2014-02-27,607.33,634.87,505.83
2014-02-28,605.56,629.01,512.34
2014-03-03,599.1,635.7,514.44
2014-03-04,605.19,637.96,515.54
2014-03-05,606.86,639.23,513.56
2014-03-06,607.53,637.42,512.39
2014-03-07,605.13,636.41,507.05
2014-03-10,603.52,631.23,511.12
2014-03-11,597.75,635.47,502.46
2014-03-12,601.4,626.97,494.8
2014-03-13,592.31,619.46,504.84
2014-03-14,584.21,629.65,514.82
2014-03-17,593.82,639.78,509.27
2014-03-18,603.37,634.38,508.67
2014-03-19,597.39,633.92,502.07
2014-03-20,596.34,627.47,490.0
2014-03-21,589.31,615.54,490.83
2014-03-24,576.8,616.51,477.94
2014-03-25,577.2,603.76,471.44
2014-03-26,563.87,597.39,473.4
2014-03-27,556.93,599.49,470.83
2014-03-28,558.46,597.05,481.43
2014-03-31,555.45,607.78,481.71
2014-04-01,565.61,608.19,484.89
2014-04-02,565.45,611.49,458.8
2014-04-03,568.18,585.52,454.27
2014-04-04,541.65,581.11,471.41
2014-04-07,536.68,598.37,481.07
2014-04-08,553.38,608.15,458.39
2014-04-09,562.6,585.58,448.51
2014-04-10,539.47,575.81,450.87
2014-04-11,529.15,578.28,455.22
2014-04-14,531.06,582.74,475.71
2014-04-15,534.97,603.33,455.77
2014-04-16,555.02,583.5,448.76
2014-04-17,534.63,576.58,455.38
2014-04-21,527.17,583.3,447.98
2014-04-22,533.35,575.99,446.65
2014-04-23,525.5,574.76,438.14
2014-04-24,523.72,566.34,439.55
2014-04-25,514.77,567.84,450.52
2014-04-28,515.73,578.9,449.93
2014-04-29,526.26,578.39,455.06
2014-04-30,525.22,583.6,452.09
2014-05-01,529.9,580.72,452.42
2014-05-02,526.48,581.12,440.23
2014-05-05,526.36,569.01,435.52
2014-05-06,513.73,564.37,437.0
2014-05-07,508.56,565.92,445.16
2014-05-08,509.6,574.15,456.76
2014-05-09,517.31,585.82,460.37
2014-05-12,528.47,589.49,454.4
2014-05-13,531.63,583.58,448.2
2014-05-14,525.21,577.44,449.29
2014-05-15,518.56,578.59,457.95
2014-05-16,519.2,587.3,459.3
2014-05-19,527.41,588.71,468.89
2014-05-20,528.32,598.35,475.44
2014-05-21,537.46,604.95,483.51
2014-05-22,543.57,613.06,497.17
2014-05-23,551.19,626.77,493.36
2014-05-27,564.4,623.0,492.21
2014-05-28,560.14,621.89,492.47
2014-05-29,558.55,622.18,486.97
2014-05-30,558.36,616.72,478.45
2014-06-02,552.41,608.23,478.62
2014-06-03,543.45,608.43,488.28
2014-06-04,543.17,618.12,491.15
2014-06-05,552.38,621.01,497.36
2014-06-06,554.81,627.25,496.24
2014-06-09,560.58,626.15,494.98
2014-06-10,559.02,624.91,487.96
2014-06-11,557.31,617.9,488.81
2014-06-12,549.84,618.77,481.79
2014-06-13,550.25,611.76,480.97
2014-06-16,542.79,610.95,491.74
2014-06-17,541.52,621.73,493.71
2014-06-18,551.85,623.7,495.61
2014-06-19,553.38,625.6,504.61
2014-06-20,554.84,634.61,504.72
2014-06-23,563.4,634.72,519.15
2014-06-24,563.07,649.15,516.95
2014-06-25,577.07,646.94,518.62
2014-06-26,574.42,648.61,517.11
2014-06-27,575.66,647.08,524.91
2014-06-30,573.7,654.87,525.02
2014-07-01,581.07,654.96,527.84
2014-07-02,580.74,657.77,525.8
2014-07-03,583.13,655.71,515.11
2014-07-07,580.66,644.99,520.52
2014-07-08,569.53,650.38,515.98
2014-07-09,574.5,645.82,524.47
2014-07-10,569.54,654.28,530.58
2014-07-11,577.59,660.35,530.92
2014-07-14,583.27,660.66,529.24
2014-07-15,583.18,658.94,520.76
2014-07-16,581.06,650.43,542.48
2014-07-17,572.16,672.11,537.31
2014-07-18,593.45,666.9,543.0
2014-07-21,587.86,672.54,544.66
2014-07-22,593.11,674.15,542.46
2014-07-23,594.35,671.91,538.57
2014-07-24,591.73,667.96,540.56
2014-07-25,587.41,669.91,536.01
2014-07-28,588.98,665.3,538.24
2014-07-29,584.01,667.46,522.88
2014-07-30,585.81,652.05,517.79
2014-07-31,570.03,646.89,525.26
2014-08-01,564.52,654.3,517.62
2014-08-04,571.58,646.6,519.34
2014-08-05,563.52,648.24,516.75
2014-08-06,564.82,645.58,522.56
2014-08-07,561.82,651.32,522.09
2014-08-08,567.21,650.77,517.36
2014-08-11,566.33,645.97,529.79
2014-08-12,561.19,658.31,530.07
2014-08-13,573.21,658.51,529.31
2014-08-14,573.08,657.67,538.38
2014-08-15,571.91,666.64,543.47
2014-08-18,580.57,671.65,541.51
2014-08-19,585.25,669.6,540.8
2014-08-20,582.89,668.79,540.39
2014-08-21,581.77,668.29,538.44
2014-08-22,580.96,666.24,536.51
2014-08-25,578.61,664.21,530.07
2014-08-26,576.28,657.66,528.67
2014-08-27,569.44,656.16,531.46
2014-08-28,567.64,658.84,537.57
2014-08-29,570.03,664.85,538.58
2014-09-02,575.75,665.74,543.0
2014-09-03,576.36,670.04,547.48
2014-09-04,580.39,674.41,551.5
2014-09-05,584.48,678.31,543.2
2014-09-08,588.11,669.89,545.67
2014-09-09,579.42,672.24,544.32
2014-09-10,581.5,670.76,538.99
2014-09-11,579.76,665.3,536.86
2014-09-12,574.04,663.04,544.07
2014-09-15,571.53,670.13,549.26
2014-09-16,578.36,675.18,554.13
2014-09-17,583.17,679.91,561.29
2014-09-18,587.66,686.94,552.99
2014-09-19,594.45,678.49,547.14
2014-09-22,585.76,672.5,554.35
2014-09-23,579.54,679.57,541.83
2014-09-24,586.38,666.9,544.24
2014-09-25,573.49,669.16,543.87
2014-09-26,575.52,668.64,545.23
2014-09-29,574.78,669.85,536.53
2014-09-30,575.78,661.0,538.7
2014-10-01,566.71,663.01,544.25
2014-10-02,568.52,668.4,546.68
2014-10-03,573.7,670.66,533.47
2014-10-06,575.77,657.28,542.56
2014-10-07,562.2,666.21,531.33
2014-10-08,570.93,654.81,515.34
2014-10-09,559.34,638.65,504.44
2014-10-10,543.0,627.58,509.51
2014-10-13,531.75,632.48,501.98
2014-10-14,536.47,624.76,496.82
2014-10-15,528.58,619.43,483.86
2014-10-16,523.07,606.29,493.85
2014-10-17,509.77,616.1,499.88
2014-10-20,519.41,621.94,506.38
2014-10-21,525.1,628.25,517.96
2014-10-22,531.25,639.64,514.11
2014-10-23,542.49,635.59,515.43
2014-10-24,538.3,636.72,523.87
2014-10-27,539.29,644.97,524.64
2014-10-28,547.4,645.53,525.95
2014-10-29,547.83,646.64,535.02
2014-10-30,548.8,655.52,531.5
2014-10-31,557.55,651.79,530.72
2014-11-03,553.7,650.8,522.88
2014-11-04,552.59,642.75,519.33
2014-11-05,544.43,639.0,518.63
2014-11-06,540.56,638.08,525.41
2014-11-07,539.53,644.64,528.52
2014-11-10,545.99,647.54,525.86
2014-11-11,548.78,644.66,524.25
2014-11-12,545.81,642.83,523.59
2014-11-13,543.89,641.94,516.03
2014-11-14,542.91,634.16,514.86
2014-11-17,535.04,632.76,517.13
2014-11-18,533.57,634.79,515.28
2014-11-19,535.52,632.71,518.24
2014-11-20,533.37,635.45,520.31
2014-11-21,536.03,637.28,522.41
2014-11-24,537.79,639.14,522.0
2014-11-25,539.6,638.49,523.76
2014-11-26,538.89,640.0,516.04
2014-11-28,540.35,632.04,516.28
2014-12-01,532.34,632.04,514.15
2014-12-02,532.29,629.66,520.41
2014-12-03,529.87,635.67,508.68
2014-12-04,535.84,623.69,510.68
2014-12-05,523.82,625.43,517.34
2014-12-08,525.54,631.83,510.33
2014-12-09,531.91,624.57,512.88
2014-12-10,524.62,626.86,503.5
2014-12-11,526.89,617.22,498.93
2014-12-12,517.24,612.38,480.85
2014-12-15,512.39,594.03,490.59
2014-12-16,494.03,603.51,497.05
2014-12-17,503.51,609.7,502.56
2014-12-18,509.7,614.93,511.32
2014-12-19,514.94,623.42,517.28
2014-12-22,523.43,629.11,515.73
2014-12-23,529.14,627.28,521.24
2014-12-24,527.32,632.5,517.8
2014-12-26,532.57,628.79,518.15
2014-12-29,528.88,628.85,514.39
2014-12-30,528.97,624.81,513.06
2014-12-31,524.96,623.19,502.4
2015-01-02,523.37,612.24,490.77
2015-01-05,512.46,600.31,490.15
2015-01-06,500.59,599.41,491.97
2015-01-07,499.73,600.93,485.72
2015-01-08,501.3,594.38,482.35
2015-01-09,494.81,590.71,486.21
2015-01-12,491.2,594.27,491.12
2015-01-13,494.82,598.88,492.27
2015-01-14,499.5,599.73,498.77
2015-01-15,500.42,605.92,497.83
2015-01-16,506.69,604.67,509.16
2015-01-20,505.51,615.69,525.69
2015-01-21,516.62,631.91,531.46
2015-01-22,532.93,637.37,526.96
2015-01-23,538.47,632.54,510.64
2015-01-26,533.74,615.91,502.25
2015-01-27,517.21,607.2,503.12
2015-01-28,508.6,607.75,527.13
2015-01-29,509.26,631.44,521.32
2015-01-30,533.06,625.3,522.28
2015-02-02,527.03,625.94,516.03
2015-02-03,527.79,619.36,521.04
2015-02-04,521.33,624.04,524.65
2015-02-05,526.14,627.32,521.69
2015-02-06,529.55,624.02,530.98
2015-02-09,526.38,632.97,530.21
2015-02-10,535.47,631.86,537.34
2015-02-11,534.5,638.66,543.6
2015-02-12,541.44,644.57,537.63
2015-02-13,547.51,638.27,534.69
2015-02-17,541.35,634.98,538.04
2015-02-18,538.22,637.98,534.31
2015-02-19,541.38,633.91,527.47
2015-02-20,537.47,626.72,531.82
2015-02-23,530.45,630.72,539.76
2015-02-24,534.62,638.3,551.51
2015-02-25,542.38,649.7,554.6
2015-02-26,553.96,652.43,567.68
2015-02-27,556.87,665.15,570.14
2015-03-02,569.78,667.25,570.04
2015-03-03,572.07,666.79,572.16
2015-03-04,571.8,668.54,564.7
2015-03-05,573.75,660.72,566.02
2015-03-06,566.13,661.67,552.38
2015-03-09,567.29,647.66,548.72
2015-03-10,553.49,643.63,553.19
2015-03-11,549.67,647.73,545.18
2015-03-12,553.99,639.34,552.5
2015-03-13,545.82,646.29,548.99
2015-03-16,552.99,642.4,557.77
2015-03-17,549.33,650.81,556.41
2015-03-18,557.97,649.07,558.92
2015-03-19,556.46,651.19,557.51
2015-03-20,558.83,649.41,569.0
2015-03-23,557.28,660.51,557.77
2015-03-24,568.63,648.89,554.3
2015-03-25,557.26,645.03,547.62
2015-03-26,553.65,637.96,551.43
2015-03-27,546.84,641.38,547.54
2015-03-30,550.52,637.1,542.24
2015-03-31,546.5,631.41,535.36
2015-04-01,541.07,624.13,536.71
2015-04-02,534.06,625.08,537.09
2015-04-06,535.3,625.06,541.78
2015-04-07,535.55,629.36,541.07
2015-04-08,540.13,628.24,540.42
2015-04-09,539.3,627.19,539.7
2015-04-10,538.53,626.06,531.05
2015-04-13,537.69,617.01,533.3
2015-04-14,528.94,618.84,534.67
2015-04-15,531.07,619.81,525.05
2015-04-16,532.34,609.78,536.46
2015-04-17,522.62,620.77,535.15
2015-04-20,533.91,619.05,540.63
2015-04-21,532.51,624.12,548.34
2015-04-22,537.89,631.41,566.45
2015-04-23,545.5,649.1,558.4
2015-04-24,563.51,640.63,556.8
2015-04-27,555.37,638.61,552.29
2015-04-28,553.68,633.68,540.64
2015-04-29,549.08,621.6,541.29
2015-04-30,537.34,621.82,544.25
2015-05-01,537.9,624.36,534.36
2015-05-04,540.78,614.04,527.86
2015-05-05,530.8,607.11,534.42
2015-05-06,524.22,613.24,542.01
2015-05-07,530.7,620.4,539.57
2015-05-08,538.22,617.52,532.98
2015-05-11,535.7,610.5,533.63
2015-05-12,529.04,610.72,542.48
2015-05-13,529.62,619.13,538.0
2015-05-14,538.4,614.21,536.52
2015-05-15,533.85,612.28,541.64
2015-05-18,532.3,616.96,543.61
2015-05-19,537.36,618.49,546.92
2015-05-20,539.27,621.35,544.57
2015-05-21,542.51,618.56,536.84
2015-05-22,540.11,610.38,544.37
2015-05-26,532.32,617.46,544.41
2015-05-27,539.79,617.05,536.79
2015-05-28,539.78,608.98,538.72
2015-05-29,532.11,610.46,543.96
2015-06-01,533.99,615.25,545.14
2015-06-02,539.18,615.97,541.57
2015-06-03,540.31,611.95,538.24
2015-06-04,536.7,608.16,531.79
2015-06-05,533.33,601.25,531.69
2015-06-08,526.83,600.69,541.72
2015-06-09,526.69,610.26,539.68
2015-06-10,536.69,607.76,537.43
2015-06-11,534.61,605.05,532.34
2015-06-12,532.33,599.49,533.32
2015-06-15,527.2,600.0,534.46
2015-06-16,528.15,600.68,541.96
2015-06-17,529.26,607.71,541.94
2015-06-18,536.73,607.22,543.47
2015-06-19,536.69,608.28,545.78
2015-06-22,538.19,610.12,543.16
2015-06-23,540.48,607.03,540.57
2015-06-24,537.84,603.96,537.05
2015-06-25,535.23,599.97,526.89
2015-06-26,531.69,589.34,525.9
2015-06-29,521.52,587.87,527.24
2015-06-30,520.51,588.73,528.82
2015-07-01,521.84,589.83,528.29
2015-07-02,523.4,588.82,530.45
2015-07-06,522.86,590.5,522.27
2015-07-07,525.02,581.84,526.13
2015-07-08,516.83,585.21,535.58
2015-07-09,520.68,594.18,552.0
2015-07-10,530.13,610.12,566.56
2015-07-13,546.55,624.18,565.68
2015-07-14,561.1,622.82,585.3
2015-07-15,560.22,641.96,678.38
2015-07-16,579.85,734.55,668.47
2015-07-17,672.93,724.14,667.74
2015-07-20,663.02,722.92,667.53
2015-07-21,662.3,722.22,649.7
2015-07-22,662.1,703.9,628.97
2015-07-23,644.28,682.68,632.66
2015-07-24,623.56,685.87,633.39
2015-07-27,627.26,686.1,637.31
2015-07-28,628.0,689.52,637.95
2015-07-29,631.93,689.67,630.95
2015-07-30,632.59,682.17,636.54
2015-07-31,625.61,687.26,634.56
2015-08-03,631.21,684.78,649.06
2015-08-04,629.25,698.78,647.94
2015-08-05,643.78,697.16,640.54
2015-08-06,642.68,689.25,638.94
2015-08-07,635.3,687.15,665.97
2015-08-10,633.73,713.67,664.72
2015-08-11,660.78,711.92,661.58
2015-08-12,659.56,708.28,662.22
2015-08-13,656.45,708.41,665.94
2015-08-14,657.12,711.62,661.17
2015-08-17,660.87,706.34,665.91
2015-08-18,656.13,710.57,651.8
2015-08-19,660.9,695.95,617.42
2015-08-20,646.83,661.06,594.51
2015-08-21,612.48,637.64,586.92
2015-08-24,589.61,629.54,633.44
2015-08-25,582.06,675.54,642.39
2015-08-26,628.62,683.98,635.12
2015-08-27,637.61,676.19,622.95
2015-08-28,630.38,663.51,602.45
2015-08-31,618.25,642.49,618.95
2015-09-01,597.79,658.48,610.82
2015-09-02,614.34,649.82,605.22
2015-09-03,606.25,643.71,619.13
2015-09-04,600.7,657.1,617.14
2015-09-08,614.66,654.59,625.72
2015-09-09,612.72,662.65,630.09
2015-09-10,621.35,666.5,627.51
2015-09-11,625.77,663.4,639.36
2015-09-14,623.24,674.72,640.15
2015-09-15,635.14,674.99,647.01
2015-09-16,635.98,681.33,633.31
2015-09-17,642.9,667.1,639.44
2015-09-18,629.25,672.71,626.64
2015-09-21,635.44,659.38,626.25
2015-09-22,622.69,658.47,629.63
2015-09-23,622.36,661.32,615.74
2015-09-24,625.8,646.9,598.6
2015-09-25,611.97,629.24,598.62
2015-09-28,594.89,628.73,612.01
2015-09-29,594.97,641.59,614.81
2015-09-30,608.42,643.87,630.37
2015-10-01,611.29,658.89,644.87
2015-10-02,626.91,672.86,648.77
2015-10-05,641.47,676.23,645.62
2015-10-06,645.44,672.56,642.36
2015-10-07,642.36,668.76,646.74
2015-10-08,639.16,672.61,649.73
2015-10-09,643.61,675.07,655.29
2015-10-12,646.67,680.1,654.09
2015-10-13,652.3,678.36,664.6
2015-10-14,651.16,688.33,664.99
2015-10-15,661.74,688.19,668.81
2015-10-16,662.2,691.48,652.92
2015-10-19,666.1,675.06,645.18
2015-10-20,650.28,666.78,654.29
2015-10-21,642.61,675.35,704.42
2015-10-22,651.79,724.95,715.13
2015-10-23,702.0,735.12,710.77
2015-10-26,712.78,730.22,715.15
2015-10-27,708.49,734.07,719.05
2015-10-28,712.95,737.42,712.86
2015-10-29,716.92,730.7,723.08
2015-10-30,710.81,740.39,724.06
2015-11-02,721.11,740.82,729.93
2015-11-03,722.16,746.16,732.99
2015-11-04,728.11,748.68,735.42
2015-11-05,731.25,750.57,726.48
2015-11-06,733.76,741.08,729.83
2015-11-09,724.89,743.9,736.83
2015-11-10,728.32,750.36,732.58
2015-11-11,735.4,745.57,718.27
2015-11-12,731.23,730.72,730.15
2015-11-13,717.0,742.06,726.41
2015-11-16,728.96,737.77,741.03
2015-11-17,725.3,751.85,739.35
2015-11-18,740.0,749.64,757.46
2015-11-19,738.41,767.21,756.76
2015-11-20,756.6,765.96,748.98
2015-11-23,755.98,757.64,748.77
2015-11-24,748.28,756.89,750.8
2015-11-25,748.15,758.37,743.05
2015-11-27,750.26,750.09,767.41
2015-11-30,742.6,773.9,762.67
2015-12-01,767.04,768.62,752.74
2015-12-02,762.38,758.15,766.93
2015-12-03,752.54,771.8,763.29
2015-12-04,766.81,767.61,762.32
2015-12-07,763.25,766.1,751.48
2015-12-08,762.37,754.72,749.25
2015-12-09,751.61,751.94,738.57
2015-12-10,749.46,740.73,747.39
2015-12-11,738.87,749.0,742.94
2015-12-14,747.77,744.0,757.54
2015-12-15,743.4,758.07,748.8
2015-12-16,758.09,748.78,738.6
2015-12-17,749.43,738.03,746.97
2015-12-18,739.31,745.87,749.12
2015-12-21,747.77,747.47,749.35
2015-12-22,750.0,747.15,747.35
2015-12-23,750.31,744.62,761.38
2015-12-24,748.4,758.1,775.39
2015-12-28,762.51,771.57,769.7
2015-12-29,776.6,765.34,757.5
2015-12-30,771.0,752.6,740.38
2015-12-31,758.88,734.93,741.04
2016-01-04,741.84,735.05,741.99
2016-01-05,742.58,735.46,724.68
2016-01-06,743.62,717.61,712.68
2016-01-07,726.39,705.06,714.16
2016-01-08,714.47,706.0,724.12
2016-01-11,716.03,715.42,698.53
2016-01-12,726.07,689.28,712.61
2016-01-13,700.56,702.82,692.26
2016-01-14,714.72,681.93,699.52
2016-01-15,694.45,688.65,696.1
2016-01-19,701.79,684.69,704.16
2016-01-20,698.45,692.21,722.74
2016-01-21,706.59,710.25,709.08
2016-01-22,725.25,696.05,710.37
2016-01-25,711.67,696.8,697.24
2016-01-26,713.04,683.13,728.13
2016-01-27,699.99,713.49,740.05
2016-01-28,730.96,724.86,749.02
2016-01-29,742.95,733.29,761.59
2016-02-01,752.0,745.33,723.82
2016-02-02,764.65,707.01,704.8
2016-02-03,726.95,687.46,680.29
2016-02-04,708.01,662.41,679.38
2016-02-05,683.57,660.97,674.68
2016-02-08,682.74,655.72,680.62
2016-02-09,678.11,661.12,679.53
2016-02-10,684.12,659.5,678.75
2016-02-11,683.11,658.19,687.28
2016-02-12,682.4,666.18,704.61
2016-02-16,691.0,682.97,693.49
2016-02-17,708.4,671.32,696.98
2016-02-18,697.35,674.27,702.46
2016-02-19,700.91,679.22,691.78
2016-02-22,706.46,668.01,695.43
2016-02-23,695.85,671.12,701.55
2016-02-24,699.56,676.71,700.8
2016-02-25,705.75,675.43,693.44
2016-02-26,705.07,667.53,714.41
2016-02-29,697.77,687.97,714.39
2016-03-01,718.81,687.42,707.9
2016-03-02,718.85,680.39,706.3
2016-03-03,712.42,678.27,690.51
2016-03-04,710.89,661.95,689.26
2016-03-07,695.16,660.17,700.47
2016-03-08,693.97,670.85,707.99
2016-03-09,705.24,677.84,721.93
2016-03-10,712.82,691.26,725.55
2016-03-11,726.82,694.34,723.33
2016-03-14,730.49,691.6,731.03
2016-03-15,728.33,698.78,732.67
2016-03-16,736.09,699.89,732.43
2016-03-17,737.78,699.13,736.87
2016-03-18,737.6,703.04,735.48
2016-03-21,742.09,701.12,732.74
2016-03-22,740.75,697.86,729.93
2016-03-23,738.06,694.53,728.11
2016-03-24,735.3,692.18,739.3
2016-03-28,733.53,702.85,745.01
2016-03-29,744.77,708.05,739.39
2016-03-30,750.53,701.9,744.3
2016-03-31,744.95,706.3,739.64
2016-04-01,749.91,701.11,732.11
2016-04-04,745.29,693.06,739.95
2016-04-05,737.8,700.39,734.5
2016-04-06,745.69,694.42,733.33
2016-04-07,740.28,692.74,730.24
2016-04-08,739.15,689.13,737.2
2016-04-11,736.1,695.57,745.79
2016-04-12,743.09,703.65,747.24
2016-04-13,751.72,704.58,753.0
2016-04-14,753.2,709.84,760.58
2016-04-15,759.0,716.9,747.87
2016-04-18,766.61,703.68,746.58
2016-04-19,753.93,701.88,753.02
2016-04-20,752.67,707.81,712.62
2016-04-21,759.14,666.9,716.97
2016-04-22,718.77,670.75,701.94
2016-04-25,723.15,655.21,699.61
2016-04-26,708.14,652.38,684.77
2016-04-27,705.84,637.03,686.74
2016-04-28,691.02,638.49,691.92
2016-04-29,693.01,643.17,686.05
2016-05-02,698.21,636.8,689.37
2016-05-03,692.36,639.62,695.09
2016-05-04,695.7,644.83,704.76
2016-05-05,701.43,654.0,706.53
2016-05-06,711.12,655.27,716.79
2016-05-09,712.9,665.04,708.89
2016-05-10,723.18,656.64,706.9
2016-05-11,715.29,654.15,704.42
2016-05-12,713.31,651.17,710.07
2016-05-13,710.83,656.33,699.8
2016-05-16,716.49,645.57,700.2
2016-05-17,706.23,645.47,693.89
2016-05-18,706.63,638.67,703.31
2016-05-19,700.32,647.6,697.81
2016-05-20,709.74,641.61,713.66
2016-05-23,704.24,656.97,718.84
2016-05-24,720.09,661.66,717.7
2016-05-25,725.27,660.03,726.24
2016-05-26,724.12,668.09,729.31
2016-05-27,732.66,670.68,727.75
2016-05-31,735.72,668.63,724.01
2016-06-01,734.15,664.41,715.96
2016-06-02,730.4,655.88,710.19
2016-06-03,722.34,649.62,710.3
2016-06-06,716.55,649.26,721.95
2016-06-07,716.65,660.43,722.27
2016-06-08,728.28,660.27,713.12
2016-06-09,728.58,650.64,712.09
2016-06-10,719.41,649.14,712.03
2016-06-13,718.36,648.6,712.7
2016-06-14,718.27,648.8,704.17
2016-06-15,718.92,639.79,685.56
2016-06-16,710.36,620.71,687.58
2016-06-17,691.72,622.26,689.84
2016-06-20,693.71,624.06,691.39
2016-06-21,695.94,625.14,695.84
2016-06-22,697.46,629.12,669.23
2016-06-23,701.87,602.04,662.3
2016-06-24,675.22,594.66,674.13
2016-06-27,668.26,606.01,678.24
2016-06-28,680.04,609.66,686.27
2016-06-29,684.11,617.24,693.43
2016-06-30,692.1,623.93,689.21
2016-07-01,699.21,619.26,692.08
2016-07-05,694.95,621.67,689.72
2016-07-06,697.77,618.86,700.05
2016-07-07,695.36,628.73,709.56
2016-07-08,705.63,637.79,715.17
2016-07-11,715.09,642.94,711.57
2016-07-12,720.64,638.89,715.6
2016-07-13,716.98,642.47,714.56
2016-07-14,720.95,640.98,728.55
2016-07-15,719.85,654.53,731.8
2016-07-18,733.78,657.33,736.09
2016-07-19,736.96,661.18,733.6
2016-07-20,741.19,658.25,737.78
2016-07-21,738.63,661.99,734.88
2016-07-22,742.74,658.65,733.61
2016-07-25,739.77,656.93,737.03
2016-07-26,738.42,659.92,741.25
2016-07-27,741.77,663.7,764.21
2016-07-28,745.91,686.23,768.38
2016-07-29,768.79,689.97,766.66
2016-08-01,772.88,687.81,768.85
2016-08-02,771.07,689.57,767.37
2016-08-03,773.18,687.66,778.07
2016-08-04,771.61,697.93,777.7
2016-08-05,782.22,697.14,780.3
2016-08-08,781.76,699.3,780.81
2016-08-09,784.26,699.4,781.08
2016-08-10,784.68,699.24,779.55
2016-08-11,784.85,697.29,778.87
2016-08-12,783.22,696.19,773.67
2016-08-15,782.44,690.57,776.55
2016-08-16,777.14,693.03,774.24
2016-08-17,779.91,690.31,772.27
2016-08-18,777.5,687.93,769.11
2016-08-19,775.42,684.36,769.16
2016-08-22,772.15,683.99,766.83
2016-08-23,772.08,681.25,766.72
2016-08-24,769.64,680.73,766.97
2016-08-25,769.41,680.57,769.7
2016-08-26,769.54,682.9,766.76
2016-08-29,772.15,679.56,764.84
2016-08-30,769.09,677.24,766.7
2016-08-31,767.05,678.7,769.51
2016-09-01,768.78,681.11,778.26
2016-09-02,771.46,689.46,778.66
2016-09-06,780.08,689.47,773.77
2016-09-07,780.35,684.18,758.24
2016-09-08,775.32,668.26,767.74
2016-09-09,759.66,677.37,758.55
2016-09-12,769.02,667.79,761.5
2016-09-13,759.69,670.35,770.91
2016-09-14,762.49,679.37,768.18
2016-09-15,771.76,676.26,765.15
2016-09-16,768.88,672.84,771.01
2016-09-19,765.7,678.32,775.97
2016-09-20,771.41,682.9,787.11
2016-09-21,776.22,693.67,786.96
2016-09-22,787.21,693.14,774.43
2016-09-23,786.9,680.24,783.39
2016-09-26,774.21,688.82,782.1
2016-09-27,783.01,687.16,775.72
2016-09-28,781.56,680.41,778.17
2016-09-29,775.01,682.49,773.61
2016-09-30,777.29,677.56,777.65
2016-10-03,772.56,681.24,777.86
2016-10-04,776.43,681.09,778.43
2016-10-05,776.47,681.29,776.82
2016-10-06,776.86,679.33,787.86
2016-10-07,775.08,690.01,785.17
2016-10-10,785.94,686.96,788.43
2016-10-11,783.07,689.86,780.66
2016-10-12,786.14,681.75,781.19
2016-10-13,778.19,681.92,782.81
2016-10-14,778.53,683.19,798.3
2016-10-17,779.96,698.34,804.74
2016-10-18,795.26,704.42,800.4
2016-10-19,801.5,699.74,803.0
2016-10-20,796.97,702.0,816.94
2016-10-21,799.37,715.6,811.7
2016-10-24,813.11,710.02,803.31
2016-10-25,807.67,701.29,799.79
2016-10-26,799.07,697.44,800.02
2016-10-27,795.35,697.33,789.4
2016-10-28,795.37,686.38,788.69
2016-10-31,784.54,685.34,773.99
2016-11-01,783.61,670.31,767.64
2016-11-02,768.7,663.63,767.75
2016-11-03,762.13,663.41,788.47
2016-11-04,762.02,683.81,796.68
2016-11-07,782.52,691.7,791.7
2016-11-08,790.51,686.41,769.18
2016-11-09,785.31,663.57,760.87
2016-11-10,762.56,654.94,743.16
2016-11-11,754.02,636.92,765.8
2016-11-14,736.08,659.25,772.03
2016-11-15,758.49,665.16,779.01
2016-11-16,764.48,671.84,768.56
2016-11-17,771.23,661.09,777.47
2016-11-18,760.54,669.68,776.78
2016-11-21,769.2,668.69,769.74
2016-11-22,768.27,661.36,770.68
2016-11-23,760.99,662.0,777.49
2016-11-25,761.68,668.51,780.34
2016-11-28,768.24,671.06,767.79
2016-11-29,770.84,658.22,757.93
2016-11-30,758.04,648.07,760.77
2016-12-01,747.92,650.62,773.05
2016-12-02,750.5,662.61,769.9
2016-12-05,762.52,659.17,782.24
2016-12-06,759.11,671.23,787.74
2016-12-07,771.19,676.45,800.87
2016-12-08,776.42,689.3,801.12
2016-12-09,789.29,689.28,808.22
2016-12-12,789.27,696.1,809.47
2016-12-13,796.1,697.07,810.52
2016-12-14,797.07,697.85,803.75
2016-12-15,797.85,690.81,807.43
2016-12-16,790.8,694.22,809.93
2016-12-19,794.2,696.46,808.35
2016-12-20,796.42,694.62,805.33
2016-12-21,794.56,691.34,804.27
2016-12-22,791.26,690.01,806.2
2016-12-23,789.91,691.69,799.99
2016-12-27,791.55,685.22,798.02
2016-12-28,785.05,683.0,787.35
2016-12-29,782.79,672.07,801.96
2016-12-30,771.82,686.44,803.02
2017-01-03,786.14,687.25,810.44
2017-01-04,786.9,694.42,822.87
2017-01-05,794.02,706.61,823.68
2017-01-06,806.15,707.17,822.12
2017-01-09,806.65,705.38,825.55
2017-01-10,804.79,708.57,824.31
2017-01-11,807.91,707.09,826.14
2017-01-12,806.36,708.69,823.19
2017-01-13,807.88,705.5,824.96
2017-01-17,804.61,707.05,821.38
2017-01-18,806.07,703.24,824.55
2017-01-19,802.17,706.18,839.16
2017-01-20,805.02,720.56,844.04
2017-01-23,819.31,725.23,856.16
2017-01-24,823.87,737.13,852.97
2017-01-25,835.67,733.72,844.46
2017-01-26,832.15,724.99,823.8
2017-01-27,823.31,704.12,818.6
2017-01-30,802.32,698.71,817.83
2017-01-31,796.79,697.74,821.0
2017-02-01,795.7,700.7,824.3
2017-02-02,798.53,703.79,824.49
2017-02-03,801.49,703.78,830.46
2017-02-06,801.34,709.55,832.21
2017-02-07,806.97,711.1,833.73
2017-02-08,808.38,712.43,838.19
2017-02-09,809.56,716.69,844.1
2017-02-10,813.67,722.41,845.66
2017-02-13,819.24,723.78,844.54
2017-02-14,820.45,722.47,850.07
2017-02-15,818.98,727.82,854.34
2017-02-16,824.16,731.9,858.28
2017-02-17,828.07,735.66,857.74
2017-02-21,831.66,734.94,858.67
2017-02-22,830.76,735.69,856.34
2017-02-23,831.33,733.19,857.34
2017-02-24,828.64,734.01,851.63
2017-02-27,829.28,728.14,864.03
2017-02-28,823.21,740.36,859.78
2017-03-01,835.24,735.95,858.6
2017-03-02,830.63,734.61,857.67
2017-03-03,829.08,733.51,862.17
2017-03-06,827.78,737.85,866.0
2017-03-07,831.91,741.53,869.69
2017-03-08,835.37,745.06,874.63
2017-03-09,838.68,749.85,877.3
2017-03-10,843.25,752.36,877.76
2017-03-13,845.54,752.67,879.72
2017-03-14,845.62,754.49,881.68
2017-03-15,847.2,756.3,885.4
2017-03-16,848.78,759.88,882.07
2017-03-17,852.12,756.41,864.51
2017-03-20,848.4,738.71,864.03
2017-03-21,830.46,738.1,852.41
2017-03-22,829.59,726.34,849.65
2017-03-23,817.58,723.45,855.12
2017-03-24,814.43,728.79,856.92
2017-03-27,819.51,730.47,867.8
2017-03-28,820.92,741.22,868.29
2017-03-29,831.41,741.59,866.74
2017-03-30,831.5,739.92,876.13
2017-03-31,829.56,749.19,872.55
2017-04-03,838.55,745.5,869.79
2017-04-04,834.57,742.62,866.66
2017-04-05,831.41,739.38,863.86
2017-04-06,827.88,736.47,864.32
2017-04-07,824.67,736.82,863.34
2017-04-10,824.73,735.74,864.72
2017-04-11,823.35,737.02,864.37
2017-04-12,824.32,736.56,878.39
2017-04-13,823.56,750.48,878.45
2017-04-17,837.17,750.45,880.25
2017-04-18,836.82,752.16,884.1
2017-04-19,838.21,755.92,886.05
2017-04-20,841.65,757.78,906.04
2017-04-21,843.19,777.68,916.0
2017-04-24,862.76,787.55,915.84
2017-04-25,872.3,787.31,918.78
2017-04-26,871.73,790.17,950.91
2017-04-27,874.25,822.22,957.94
2017-04-28,905.96,829.18,962.23
2017-05-01,912.57,833.39,973.25
2017-05-02,916.44,844.34,978.29
2017-05-03,927.04,849.32,974.19
2017-05-04,931.66,845.14,981.78
2017-05-05,927.13,852.67,980.08
2017-05-08,934.3,850.91,977.12
2017-05-09,932.17,847.88,979.36
2017-05-10,928.78,850.07,981.41
2017-05-11,930.6,852.07,986.7
2017-05-12,932.22,857.3,993.05
2017-05-15,937.08,863.6,970.1
2017-05-16,943.0,840.61,981.16
2017-05-17,919.62,851.61,985.36
2017-05-18,930.24,855.77,993.64
2017-05-19,934.01,864.01,1001.04
2017-05-22,941.86,871.37,1007.61
2017-05-23,948.82,877.9,1022.63
2017-05-24,954.96,892.89,1024.99
2017-05-25,969.54,895.22,1029.84
2017-05-26,971.47,900.04,1019.26
2017-05-30,975.88,889.43,1021.79
2017-05-31,964.86,891.93,1030.88
2017-06-01,966.95,900.99,1039.4
2017-06-02,975.6,909.49,1032.73
2017-06-05,983.68,902.8,1037.54
2017-06-06,976.57,907.6,1040.45
2017-06-07,980.94,910.5,1007.32
2017-06-08,983.41,877.35,1000.83
2017-06-09,949.83,870.85,1011.77
2017-06-12,942.9,881.79,1009.58
2017-06-13,953.4,879.58,1001.57
2017-06-14,950.76,871.58,999.49
2017-06-15,942.31,869.49,1017.53
2017-06-16,939.78,887.53,1011.23
2017-06-19,957.37,881.24,1020.5
2017-06-20,950.63,890.51,1018.59
2017-06-21,959.45,888.6,1027.53
2017-06-22,957.09,897.56,1014.66
2017-06-23,965.59,884.7,990.17
2017-06-26,952.27,860.23,1003.78
2017-06-27,927.33,873.85,981.53
2017-06-28,940.49,851.62,972.92
2017-06-29,917.79,843.03,963.34
2017-06-30,908.73,833.47,976.8
2017-07-03,898.7,846.96,972.23
2017-07-05,911.71,842.42,984.58
2017-07-06,906.69,854.8,995.24
2017-07-07,918.59,865.49,996.98
2017-07-10,928.8,867.27,1011.17
2017-07-11,930.09,881.5,1014.95
2017-07-12,943.83,885.32,1024.24
2017-07-13,947.16,894.64,1022.12
2017-07-14,955.99,892.57,1034.55
2017-07-17,953.42,905.05,1040.49
2017-07-18,965.4,911.04,1038.21
2017-07-19,970.89,908.8,1043.43
2017-07-20,968.15,914.08,1051.3
2017-07-21,972.92,922.0,1022.11
2017-07-24,980.34,892.87,1019.66
2017-07-25,950.7,890.49,1006.41
2017-07-26,947.8,877.29,1014.3
2017-07-27,934.09,885.25,1003.72
2017-07-28,941.53,874.74,1004.5
2017-07-31,930.5,875.59,1004.52
2017-08-01,930.83,875.67,998.23
2017-08-02,930.39,869.46,1002.99
2017-08-03,923.65,874.29,1004.84
2017-08-04,927.96,876.22,1002.72
2017-08-07,929.36,874.19,999.29
2017-08-08,926.79,870.83,984.08
2017-08-09,922.9,855.71,991.68
2017-08-10,907.24,863.39,1000.41
2017-08-11,914.39,872.21,1000.41
2017-08-14,922.67,872.31,1005.6
2017-08-15,922.22,877.59,990.07
2017-08-16,926.96,862.16,990.21
2017-08-17,910.98,862.39,986.65
2017-08-18,910.67,858.93,1005.13
2017-08-21,906.66,877.51,1007.89
2017-08-22,924.69,880.38,1002.61
2017-08-23,927.0,875.21,997.67
2017-08-24,921.28,870.38,996.04
2017-08-25,915.89,868.86,1003.97
2017-08-28,913.81,876.9,1012.69
2017-08-29,921.29,885.74,1022.9
2017-08-30,929.57,896.06,1021.35
2017-08-31,939.33,894.64,1012.91
2017-09-01,937.34,886.32,1012.71
2017-09-05,928.45,886.25,1021.3
2017-09-06,927.81,894.96,1012.29
2017-09-07,935.95,886.08,1015.31
2017-09-08,926.5,889.23,1018.75
2017-09-11,929.08,892.8,1022.21
2017-09-12,932.07,896.4,1012.67
2017-09-13,935.09,886.99,1008.29
2017-09-14,925.11,882.75,1003.44
2017-09-15,920.29,878.05,1010.69
2017-09-18,915.0,885.44,1020.89
2017-09-19,921.81,895.79,1022.2
2017-09-20,931.58,897.25,1018.72
2017-09-21,932.45,893.92,1011.59
2017-09-22,928.53,886.94,1015.92
2017-09-25,920.97,891.42,1035.98
2017-09-26,924.86,911.64,1041.42
2017-09-27,944.49,917.25,1051.46
2017-09-28,949.5,927.45,1046.05
2017-09-29,959.11,922.21,1051.0
2017-10-02,953.27,927.32,1045.32
2017-10-03,957.79,921.81,1064.03
2017-10-04,951.68,940.69,1073.39
2017-10-05,969.96,950.22,1071.92
2017-10-06,978.89,948.93,1067.95
2017-10-09,977.0,945.13,1085.02
2017-10-10,972.6,962.38,1084.03
2017-10-11,989.25,961.57,1086.3
2017-10-12,987.83,964.02,1089.04
2017-10-13,989.68,966.95,1089.64
2017-10-16,992.0,967.73,1090.69
2017-10-17,992.18,968.97,1082.74
2017-10-18,992.81,961.22,1086.91
2017-10-19,984.45,965.58,1067.57
2017-10-20,988.2,946.44,1070.08
2017-10-23,968.45,949.14,1073.28
2017-10-24,970.54,952.55,1072.92
2017-10-25,973.33,952.39,1120.04
2017-10-26,972.56,999.71,1118.29
2017-10-27,1019.27,998.17,1118.23
2017-10-30,1017.11,998.31,1127.49
2017-10-31,1016.64,1007.79,1127.97
2017-11-01,1025.5,1008.49,1135.28
2017-11-02,1025.58,1016.0,1129.1
2017-11-03,1032.48,1010.04,1136.93
2017-11-06,1025.9,1018.09,1143.85
2017-11-07,1033.33,1025.23,1135.65
2017-11-08,1039.85,1017.26,1132.86
2017-11-09,1031.26,1014.69,1130.93
2017-11-10,1028.07,1012.99,1131.58
2017-11-13,1025.75,1013.86,1126.88
2017-11-14,1026.0,1009.4,1138.85
2017-11-15,1020.91,1021.61,1125.83
2017-11-16,1032.5,1008.82,1125.51
2017-11-17,1019.09,1008.74,1142.0
2017-11-20,1018.38,1025.47,1143.85
2017-11-21,1034.49,1027.56,1148.89
2017-11-22,1035.96,1032.84,1162.86
2017-11-24,1040.61,1047.06,1156.44
2017-11-27,1054.21,1040.89,1131.07
2017-11-28,1047.41,1015.76,1131.19
2017-11-29,1021.66,1016.14,1120.32
2017-11-30,1021.41,1005.52,1109.2
2017-12-01,1010.17,994.66,1116.04
2017-12-04,998.68,1001.76,1129.64
2017-12-05,1005.15,1015.61,1142.55
2017-12-06,1018.38,1028.79,1149.03
2017-12-07,1030.93,1035.53,1153.45
2017-12-08,1037.05,1040.21,1153.18
2017-12-11,1041.1,1040.22,1153.67
2017-12-12,1040.48,1040.97,1162.57
2017-12-13,1040.61,1050.14,1177.96
2017-12-14,1049.15,1065.81,1191.26
2017-12-15,1064.19,1079.38,1185.15
2017-12-18,1077.14,1073.55,1179.76
2017-12-19,1070.68,1068.45,1178.79
2017-12-20,1064.95,1067.75,1175.62
2017-12-21,1063.63,1064.87,1172.58
2017-12-22,1060.12,1062.11,1165.55
2017-12-26,1056.74,1055.37,1164.66
2017-12-27,1049.37,1054.76,1163.25
2017-12-28,1048.14,1053.65,1182.18
2017-12-29,1046.4,1072.87,1199.99
2018-01-02,1065.0,1090.98,1204.24
2018-01-03,1082.48,1095.52,1220.39
2018-01-04,1086.4,1111.98,1225.43
2018-01-05,1102.23,1117.31,1225.07
2018-01-08,1106.94,1117.25,1221.74
2018-01-09,1106.26,1114.22,1224.96
2018-01-10,1102.61,1117.76,1242.02
2018-01-11,1105.52,1135.12,1241.83
2018-01-12,1122.26,1135.24,1252.36
2018-01-16,1121.76,1146.08,1250.47
2018-01-17,1131.98,1144.51,1258.5
2018-01-18,1129.79,1152.85,1277.1
2018-01-19,1137.51,1171.77,1291.56
2018-01-22,1155.81,1186.55,1286.12
2018-01-23,1169.97,1181.43,1292.55
2018-01-24,1164.24,1188.18,1298.31
2018-01-25,1170.37,1194.27,1298.34
2018-01-26,1175.84,1194.62,1286.73
2018-01-29,1175.58,1183.35,1293.27
2018-01-30,1163.69,1190.21,1291.31
2018-01-31,1169.94,1188.58,1235.79
2018-02-01,1167.7,1133.4,1179.96
2018-02-02,1111.9,1077.91,1205.04
2018-02-05,1055.8,1103.32,1173.29
2018-02-06,1080.6,1071.91,1126.49
2018-02-07,1048.58,1025.46,1163.02
2018-02-08,1001.52,1062.32,1177.44
2018-02-09,1037.78,1077.09,1177.86
2018-02-12,1051.94,1077.86,1195.72
2018-02-13,1052.1,1096.06,1215.79
2018-02-14,1069.7,1116.49,1221.33
2018-02-15,1089.52,1122.37,1229.23
2018-02-16,1094.8,1130.63,1238.36
2018-02-20,1102.46,1140.11,1233.89
2018-02-21,1111.34,1136.0,1254.29
2018-02-22,1106.63,1156.76,1271.49
2018-02-23,1126.79,1174.32,1246.26
2018-02-26,1143.75,1149.45,1232.94
2018-02-27,1118.29,1136.49,1197.95
2018-02-28,1104.73,1101.87,1207.58
2018-03-01,1069.52,1111.86,1219.81
2018-03-02,1078.92,1124.46,1224.16
2018-03-05,1090.93,1129.18,1238.96
2018-03-06,1095.06,1144.35,1255.53
2018-03-07,1109.64,1161.3,1289.78
2018-03-08,1126.0,1195.92,1294.45
2018-03-09,1160.04,1200.97,1268.33
2018-03-12,1164.5,1175.22,1279.85
2018-03-13,1138.17,1187.12,1280.14
2018-03-14,1149.49,1187.79,1266.48
2018-03-15,1149.58,1174.52,1230.76
2018-03-16,1135.73,1139.18,1228.84
2018-03-19,1099.82,1137.65,1222.2
2018-03-20,1097.71,1131.39,1180.58
2018-03-21,1090.88,1090.17,1153.25
2018-03-22,1049.08,1063.23,1185.07
2018-03-23,1021.57,1095.43,1137.13
2018-03-26,1053.21,1047.89,1136.76
2018-03-27,1005.1,1047.92,1164.16
2018-03-28,1004.56,1075.71,1139.0
2018-03-29,1031.79,1050.95,1146.1
2018-04-02,1006.47,1058.45,1157.99
2018-04-03,1013.41,1070.74,1160.81
2018-04-04,1025.14,1073.97,1140.19
2018-04-05,1027.81,1053.75,1148.75
2018-04-06,1007.04,1062.72,1165.08
2018-04-09,1015.45,1079.46,1153.55
2018-04-10,1031.64,1068.34,1166.23
2018-04-11,1019.97,1081.42,1163.12
2018-04-12,1032.51,1078.73,1171.96
2018-04-13,1029.27,1087.98,1208.26
2018-04-16,1037.98,1124.7,1206.31
2018-04-17,1074.16,1123.16,1222.05
2018-04-18,1072.08,1139.32,1207.42
2018-04-19,1087.7,1125.12,1202.03
2018-04-20,1072.96,1120.14,1154.66
2018-04-23,1067.45,1073.2,1155.97
2018-04-24,1019.98,1074.93,1174.93
2018-04-25,1021.18,1094.32,1165.04
2018-04-26,1040.04,1084.85,1152.42
2018-04-27,1030.05,1072.66,1172.49
2018-04-30,1017.33,1093.16,1159.64
2018-05-01,1037.31,1080.75,1159.07
2018-05-02,1024.38,1080.6,1183.64
2018-05-03,1023.72,1105.61,1190.3
2018-05-04,1048.21,1112.7,1189.49
2018-05-07,1054.79,1112.33,1218.41
2018-05-08,1053.91,1141.69,1233.29
2018-05-09,1082.76,1157.0,1234.04
2018-05-10,1097.57,1158.19,1236.04
2018-05-11,1098.26,1160.63,1215.12
2018-05-14,1100.2,1140.16,1217.71
2018-05-15,1079.23,1143.2,1214.58
2018-05-16,1081.77,1140.51,1202.39
2018-05-17,1078.59,1128.77,1215.65
2018-05-18,1066.36,1142.48,1205.84
2018-05-21,1079.58,1133.12,1215.83
2018-05-22,1069.73,1143.56,1215.41
2018-05-23,1079.69,1143.59,1211.86
2018-05-24,1079.24,1140.49,1196.54
2018-05-25,1075.66,1125.62,1204.04
2018-05-29,1060.32,1133.58,1221.24
2018-05-30,1067.8,1151.24,1255.76
2018-05-31,1084.99,1186.21,1275.56
2018-06-01,1119.5,1206.47,1275.93
2018-06-04,1139.29,1207.3,1273.15
2018-06-05,1139.66,1204.98,1260.12
2018-06-06,1136.88,1192.42,1257.12
2018-06-07,1123.86,1189.89,1266.23
2018-06-08,1120.87,1199.46,1275.54
2018-06-11,1129.99,1209.24,1270.99
2018-06-12,1139.32,1205.15,1288.29
2018-06-13,1134.79,1222.93,1288.41
2018-06-14,1152.12,1223.51,1309.57
2018-06-15,1152.26,1245.15,1304.14
2018-06-18,1173.46,1240.18,1305.88
2018-06-19,1168.06,1242.39,1293.65
2018-06-20,1169.84,1230.64,1291.42
2018-06-21,1157.66,1228.89,1260.7
2018-06-22,1155.48,1198.64,1254.29
2018-06-25,1124.81,1192.72,1239.75
2018-06-26,1118.46,1178.65,1249.93
2018-06-27,1103.98,1189.31,1251.29
2018-06-28,1114.22,1191.15,1263.03
2018-06-29,1115.65,1203.37,1238.38
2018-07-02,1127.46,1179.21,1259.68
2018-07-03,1102.89,1200.99,1275.49
2018-07-05,1124.27,1217.29,1289.29
2018-07-06,1140.17,1231.57,1287.98
2018-07-09,1154.05,1230.75,1288.95
2018-07-10,1152.84,1232.2,1318.43
2018-07-11,1153.9,1262.17,1323.66
2018-07-12,1183.48,1267.9,1318.59
2018-07-13,1188.82,1263.32,1333.42
2018-07-16,1183.86,1278.64,1330.38
2018-07-17,1198.8,1276.09,1321.34
2018-07-18,1195.88,1267.55,1319.16
2018-07-19,1186.96,1265.86,1339.63
2018-07-20,1184.91,1286.82,1382.07
2018-07-23,1205.5,1329.76,1397.55
2018-07-24,1248.08,1345.74,1402.04
2018-07-25,1263.7,1350.73,1372.07
2018-07-26,1268.33,1321.25,1353.16
2018-07-27,1238.5,1302.84,1350.52
2018-07-30,1219.74,1300.71,1353.11
2018-07-31,1217.26,1303.8,1359.09
2018-08-01,1220.01,1310.28,1356.48
2018-08-02,1226.15,1308.18,1357.37
2018-08-03,1223.71,1309.58,1374.65
2018-08-06,1224.77,1327.36,1377.86
2018-08-07,1242.22,1331.07,1381.17
2018-08-08,1245.61,1334.89,1369.49
2018-08-09,1249.1,1323.72,1366.7
2018-08-10,1237.61,1321.43,1373.59
2018-08-13,1235.01,1328.84,1345.67
2018-08-14,1242.1,1301.43,1337.58
2018-08-15,1214.38,1293.84,1331.84
2018-08-16,1206.49,1288.62,1338.43
2018-08-17,1200.96,1295.73,1332.07
2018-08-20,1207.77,1289.87,1337.56
2018-08-21,1201.62,1295.88,1335.38
2018-08-22,1207.33,1294.22,1350.42
2018-08-23,1205.38,1309.77,1371.36
2018-08-24,1220.65,1331.22,1360.45
2018-08-27,1241.82,1320.83,1378.36
2018-08-28,1231.15,1339.26,1367.93
2018-08-29,1249.3,1329.35,1346.75
2018-08-30,1239.12,1308.69,1325.31
2018-08-31,1218.19,1287.76,1314.53
2018-09-04,1197.0,1277.5,1299.22
2018-09-05,1186.48,1262.72,1292.35
2018-09-06,1171.44,1256.37,1291.89
2018-09-07,1164.83,1256.43,1304.33
2018-09-10,1164.64,1269.39,1289.51
2018-09-11,1177.36,1255.1,1301.74
2018-09-12,1162.82,1267.85,1298.65
2018-09-13,1175.33,1265.28,1281.87
2018-09-14,1172.53,1249.03,1286.75
2018-09-17,1156.05,1254.43,1296.32
2018-09-18,1161.22,1264.53,1311.79
2018-09-19,1171.09,1280.53,1290.7
2018-09-20,1186.87,1259.97,1297.67
2018-09-21,1166.09,1267.46,1308.63
2018-09-24,1173.37,1278.95,1304.15
2018-09-25,1184.65,1275.0,1317.97
2018-09-26,1180.49,1289.35,1316.47
2018-09-27,1194.64,1288.38,1317.98
2018-09-28,1193.47,1290.42,1322.44
2018-10-01,1195.31,1295.41,1324.93
2018-10-02,1200.11,1298.44,1289.83
2018-10-03,1202.95,1263.86,1278.63
2018-10-04,1168.19,1253.2,1269.9
2018-10-05,1157.35,1245.0,1259.39
2018-10-08,1148.97,1235.02,1201.42
2018-10-09,1138.82,1177.59,1199.15
2018-10-10,1081.22,1175.85,1229.54
2018-10-11,1079.32,1206.78,1211.33
2018-10-12,1110.08,1189.1,1239.98
2018-10-15,1092.25,1218.29,1234.01
2018-10-16,1121.28,1212.85,1205.9
2018-10-17,1115.69,1185.27,1214.0
2018-10-18,1087.97,1193.91,1218.3
2018-10-19,1096.46,1198.75,1220.43
2018-10-22,1101.16,1201.41,1167.04
2018-10-23,1103.69,1148.56,1211.49
2018-10-24,1050.71,1193.55,1186.97
2018-10-25,1095.57,1169.57,1135.17
2018-10-26,1071.47,1118.3,1150.87
2018-10-29,1020.08,1134.55,1191.01
2018-10-30,1036.21,1175.22,1183.8
2018-10-31,1076.77,1168.56,1171.16
2018-11-01,1070.0,1156.45,1153.02
2018-11-02,1057.79,1138.85,1168.3
2018-11-05,1040.09,1154.67,1205.43
2018-11-06,1055.81,1192.34,1193.99
2018-11-07,1093.39,1181.44,1177.28
2018-11-08,1082.4,1165.27,1149.3
2018-11-09,1066.15,1137.83,1146.26
2018-11-12,1038.63,1135.33,1153.4
2018-11-13,1036.05,1143.01,1173.98
2018-11-14,1043.66,1164.13,1170.28
2018-11-15,1064.71,1160.98,1128.31
2018-11-16,1061.49,1119.55,1133.59
2018-11-19,1020.0,1125.37,1144.95
2018-11-20,1025.76,1137.27,1130.73
2018-11-21,1037.61,1123.59,1154.97
2018-11-23,1023.88,1148.38,1150.26
2018-11-26,1048.62,1144.21,1191.57
2018-11-27,1044.41,1186.07,1193.13
2018-11-28,1086.23,1188.17,1198.75
2018-11-29,1088.3,1194.33,1210.24
2018-11-30,1094.43,1206.36,1154.1
2018-12-03,1106.43,1150.77,1171.49
2018-12-04,1050.82,1168.7,1138.81
2018-12-06,1068.73,1136.56,1141.25
2018-12-07,1036.58,1139.54,1152.91
2018-12-10,1039.55,1151.75,1164.3
2018-12-11,1051.75,1163.68,1161.98
2018-12-12,1063.68,1161.9,1141.63
2018-12-13,1061.9,1142.09,1115.51
2018-12-14,1042.1,1116.51,1127.13
2018-12-17,1016.53,1128.68,1120.87
2018-12-18,1028.71,1122.96,1106.71
2018-12-19,1023.01,1109.34,1076.27
2018-12-20,1009.41,1079.45,1072.38
2018-12-21,979.54,1076.1,1135.04
2018-12-24,976.22,1139.31,1138.88
2018-12-26,1039.46,1143.69,1131.5
2018-12-27,1043.88,1136.85,1129.44
2018-12-28,1037.08,1135.33,1139.09
2018-12-31,1035.61,1145.53,1108.71
2019-01-02,1045.85,1115.68,1162.76
2019-01-03,1016.06,1170.28,1159.84
2019-01-04,1070.71,1167.9,1167.12
2019-01-07,1068.39,1175.72,1164.89
2019-01-08,1076.28,1174.04,1159.95
2019-01-09,1074.66,1169.63,1146.19
2019-01-10,1070.33,1156.42,1133.07
2019-01-11,1057.19,1143.84,1164.91
2019-01-14,1044.69,1176.21,1168.1
2019-01-15,1077.15,1179.95,1176.4
2019-01-16,1080.97,1188.79,1184.12
2019-01-17,1089.9,1197.05,1155.74
2019-01-18,1098.26,1169.21,1160.15
2019-01-22,1070.52,1174.16,1157.83
2019-01-23,1075.57,1172.38,1174.27
2019-01-24,1073.9,1189.36,1152.71
2019-01-25,1090.99,1168.34,1142.59
2019-01-28,1070.08,1158.76,1170.37
2019-01-29,1060.62,1187.08,1197.01
2019-01-30,1089.06,1214.26,1190.73
2019-01-31,1116.37,1208.51,1212.11
2019-02-01,1110.75,1230.43,1224.62
2019-02-04,1132.8,1243.48,1193.18
2019-02-05,1145.99,1212.58,1175.98
2019-02-06,1115.23,1195.91,1171.64
2019-02-07,1098.71,1192.11,1170.91
2019-02-08,1095.06,1191.91,1196.57
2019-02-11,1095.01,1218.11,1194.67
2019-02-12,1121.37,1216.74,1195.48
2019-02-13,1120.16,1218.09,1186.76
2019-02-14,1121.67,1209.9,1190.96
2019-02-15,1113.65,1214.64,1185.49
2019-02-19,1118.56,1209.7,1167.95
2019-02-20,1113.8,1192.69,1180.63
2019-02-21,1096.97,1205.91,1178.94
2019-02-22,1110.37,1204.75,1183.95
2019-02-25,1109.4,1210.29,1184.14
2019-02-26,1115.13,1211.02,1187.29
2019-02-27,1116.05,1214.69,1207.62
2019-02-28,1119.92,1235.56,1213.7
2019-03-01,1140.99,1242.16,1227.19
2019-03-04,1147.8,1256.18,1222.28
2019-03-05,1162.03,1251.8,1206.97
2019-03-06,1157.86,1237.02,1205.24
2019-03-07,1143.3,1235.82,1237.93
2019-03-08,1142.32,1269.04,1254.62
2019-03-11,1175.76,1286.25,1253.98
2019-03-12,1193.2,1286.14,1245.45
2019-03-13,1193.32,1278.14,1243.59
2019-03-14,1185.55,1276.81,1242.63
2019-03-15,1184.46,1276.36,1256.45
2019-03-18,1184.26,1290.71,1280.8
2019-03-19,1198.85,1315.58,1287.59
2019-03-20,1223.97,1322.9,1260.77
2019-03-21,1231.54,1296.6,1247.49
2019-03-22,1205.5,1283.84,1238.32
2019-03-25,1193.0,1275.2,1225.94
2019-03-26,1184.62,1263.33,1220.62
2019-03-27,1173.02,1258.53,1224.64
2019-03-28,1168.49,1263.07,1244.97
2019-03-29,1173.31,1283.92,1250.23
2019-04-01,1194.43,1289.69,1254.86
2019-04-02,1200.49,1294.84,1263.13
2019-04-03,1205.92,1303.63,1254.47
2019-04-04,1215.0,1295.49,1250.35
2019-04-05,1207.15,1291.88,1242.95
2019-04-08,1203.84,1284.99,1247.04
2019-04-09,1197.25,1289.6,1248.69
2019-04-10,1202.16,1291.76,1261.12
2019-04-11,1204.62,1304.7,1263.52
2019-04-12,1217.87,1307.62,1268.73
2019-04-15,1221.1,1313.33,1277.11
2019-04-16,1227.13,1322.22,1276.3
2019-04-17,1236.34,1321.93,1287.94
2019-04-18,1236.37,1334.07,1302.81
2019-04-22,1248.84,1349.45,1293.43
2019-04-23,1264.55,1340.57,1300.03
2019-04-24,1256.0,1347.68,1307.92
2019-04-25,1263.45,1356.07,1322.47
2019-04-26,1272.18,1371.13,1222.52
2019-04-29,1287.58,1271.69,1201.27
2019-04-30,1188.48,1250.94,1194.95
2019-05-01,1168.08,1245.11,1216.88
2019-05-02,1162.61,1267.55,1220.01
2019-05-03,1185.4,1271.18,1203.86
2019-05-06,1189.39,1255.53,1195.17
2019-05-07,1174.1,1247.33,1190.42
2019-05-08,1166.27,1243.07,1191.44
2019-05-09,1162.38,1244.59,1158.33
2019-05-10,1164.27,1211.98,1145.87
2019-05-13,1132.03,1200.01,1188.76
2019-05-14,1120.44,1243.4,1202.66
2019-05-15,1164.21,1257.78,1185.1
2019-05-16,1178.98,1240.72,1160.77
2019-05-17,1162.3,1216.88,1170.66
2019-05-20,1138.85,1227.26,1171.57
2019-05-21,1149.63,1228.66,1160.03
2019-05-22,1151.42,1217.61,1151.84
2019-05-23,1140.77,1209.91,1151.63
2019-05-24,1133.47,1210.18,1133.05
2019-05-28,1134.15,1192.08,1133.65
2019-05-29,1116.46,1193.16,1118.43
2019-05-30,1117.95,1178.43,1050.13
2019-05-31,1103.63,1110.61,1066.05
2019-06-03,1036.23,1127.01,1054.32
2019-06-04,1053.05,1115.76,1055.53
2019-06-05,1042.22,1117.45,1076.33
2019-06-06,1044.34,1138.72,1089.76
2019-06-07,1066.04,1152.63,1087.19
2019-06-10,1080.38,1150.53,1084.59
2019-06-11,1078.72,1148.41,1095.42
2019-06-12,1077.03,1159.71,1091.08
2019-06-13,1088.77,1155.84,1097.32
2019-06-14,1085.35,1162.55,1107.5
2019-06-17,1092.5,1173.2,1105.31
2019-06-18,1103.6,1171.48,1113.48
2019-06-19,1102.33,1180.11,1123.02
2019-06-20,1111.42,1190.12,1115.73
2019-06-21,1121.88,1183.3,1085.64
2019-06-24,1115.52,1153.67,1078.16
2019-06-25,1086.35,1146.65,1073.44
2019-06-26,1079.8,1142.39,1077.41
2019-06-27,1076.01,1146.82,1093.52
2019-06-28,1080.91,1163.39,1105.89
2019-07-01,1097.95,1176.22,1115.29
2019-07-02,1111.25,1186.07,1124.36
2019-07-03,1121.58,1195.6,1108.19
2019-07-05,1131.59,1179.88,1115.73
2019-07-08,1116.35,1187.87,1130.44
2019-07-09,1124.83,1203.03,1133.23
2019-07-10,1140.48,1206.27,1132.98
2019-07-11,1144.21,1206.47,1137.48
2019-07-12,1144.9,1211.42,1139.77
2019-07-15,1150.34,1214.16,1131.6
2019-07-16,1153.58,1206.43,1130.63
2019-07-17,1146.35,1205.91,1113.46
2019-07-18,1146.33,1189.17,1120.48
2019-07-19,1130.1,1196.64,1127.67
2019-07-22,1138.07,1204.27,1118.32
2019-07-23,1146.21,1195.36,1111.68
2019-07-24,1137.81,1189.15,1229.02
2019-07-25,1132.12,1306.93,1217.07
2019-07-26,1250.41,1295.41,1201.85
2019-07-29,1239.41,1280.62,1192.43
2019-07-30,1225.14,1271.64,1183.81
2019-07-31,1216.68,1263.44,1167.83
2019-08-01,1209.01,1247.9,1125.21
2019-08-02,1193.99,1205.7,1141.88
2019-08-05,1152.32,1222.8,1144.97
2019-08-06,1169.95,1226.3,1174.82
2019-08-07,1173.99,1256.58,1157.07
2019-08-08,1204.8,1239.25,1142.81
2019-08-09,1188.01,1225.41,1164.41
2019-08-12,1174.71,1247.43,1130.47
2019-08-13,1197.27,1213.91,1132.48
2019-08-14,1164.29,1216.33,1141.86
2019-08-15,1167.26,1226.13,1161.75
2019-08-16,1177.6,1246.43,1145.03
2019-08-19,1198.45,1230.12,1152.62
2019-08-20,1182.69,1238.13,1149.94
2019-08-21,1191.25,1235.85,1110.74
2019-08-22,1189.53,1197.05,1127.37
2019-08-23,1151.29,1214.1,1125.36
2019-08-26,1168.89,1212.49,1127.58
2019-08-27,1167.84,1215.11,1148.44
2019-08-28,1171.02,1236.37,1142.73
2019-08-29,1192.85,1231.06,1122.06
2019-08-30,1188.1,1210.78,1134.11
2019-09-03,1168.39,1223.23,1163.12
2019-09-04,1181.41,1252.63,1155.7
2019-09-05,1211.38,1245.61,1154.22
2019-09-06,1204.93,1244.52,1154.84
2019-09-09,1204.41,1245.53,1168.05
2019-09-10,1206.0,1259.13,1181.16
2019-09-11,1220.17,1272.63,1185.51
2019-09-12,1234.25,1277.36,1176.29
2019-09-13,1239.56,1268.52,1173.17
2019-09-16,1231.3,1265.79,1175.47
2019-09-17,1229.15,1268.46,1180.8
2019-09-18,1232.41,1274.18,1171.06
2019-09-19,1238.71,1264.81,1174.2
2019-09-20,1229.93,1268.32,1157.97
2019-09-23,1234.03,1252.47,1184.76
2019-09-24,1218.76,1279.63,1178.67
2019-09-25,1246.52,1273.91,1161.41
2019-09-26,1241.39,1257.02,1154.36
2019-09-27,1225.09,1250.34,1139.5
2019-09-30,1219.0,1235.84,1110.07
2019-10-01,1205.1,1206.77,1120.31
2019-10-02,1176.63,1217.38,1140.52
2019-10-03,1187.83,1237.95,1138.24
2019-10-04,1209.0,1236.03,1118.73
2019-10-07,1207.68,1216.87,1130.95
2019-10-08,1189.13,1229.45,1136.35
2019-10-09,1202.31,1235.21,1142.18
2019-10-10,1208.67,1241.38,1142.91
2019-10-11,1215.45,1242.47,1167.83
2019-10-14,1217.14,1267.73,1167.5
2019-10-15,1243.01,1267.75,1175.98
2019-10-16,1243.64,1276.58,1167.45
2019-10-17,1253.07,1268.39,1167.16
2019-10-18,1245.49,1268.44,1162.86
2019-10-21,1246.15,1264.48,1178.24
2019-10-22,1242.8,1280.19,1179.15
2019-10-23,1259.13,1281.44,1182.34
2019-10-24,1260.99,1284.97,1206.26
2019-10-25,1265.13,1309.22,1177.94
2019-10-28,1290.0,1281.23,1175.66
2019-10-29,1262.62,1279.28,1173.54
2019-10-30,1261.29,1277.48,1186.23
2019-10-31,1260.11,1290.5,1202.91
2019-11-01,1273.74,1307.51,1202.63
2019-11-04,1291.37,1307.55,1201.47
2019-11-05,1292.03,1306.7,1217.59
2019-11-06,1291.8,1323.14,1219.16
2019-11-07,1308.86,1325.03,1206.05
2019-11-08,1311.37,1312.23,1204.72
2019-11-11,1299.19,1311.22,1202.99
2019-11-12,1298.8,1309.8,1215.52
2019-11-13,1298.0,1322.63,1238.0
2019-11-14,1311.46,1345.42,1222.9
2019-11-15,1334.87,1330.63,1216.74
2019-11-18,1320.7,1324.77,1203.4
2019-11-19,1315.46,1311.73,1200.78
2019-11-20,1303.05,1309.41,1193.85
2019-11-21,1301.35,1302.77,1204.27
2019-11-22,1295.34,1313.5,1210.22
2019-11-25,1306.69,1319.73,1208.74
2019-11-26,1313.55,1318.55,1199.79
2019-11-27,1312.99,1309.89,1183.84
2019-11-29,1304.96,1294.23,1188.29
2019-12-02,1289.92,1298.96,1212.64
2019-12-03,1295.28,1323.59,1219.32
2019-12-04,1320.54,1330.56,1230.9
2019-12-05,1328.13,1342.42,1232.94
2019-12-06,1340.62,1344.73,1233.14
2019-12-09,1343.56,1345.21,1232.6
2019-12-10,1344.66,1344.94,1236.95
2019-12-11,1345.02,1349.56,1233.61
2019-12-12,1350.27,1346.5,1246.06
2019-12-13,1347.83,1359.21,1239.11
2019-12-16,1361.17,1352.54,1235.72
2019-12-17,1355.12,1349.41,1238.25
2019-12-18,1352.62,1352.2,1230.92
2019-12-19,1356.04,1345.13,1229.28
2019-12-20,1349.59,1343.75,1223.12
2019-12-23,1348.84,1337.85,1239.08
2019-12-24,1343.56,1354.06,1229.69
2019-12-26,1360.4,1344.93,1213.07
2019-12-27,1351.89,1328.55,1213.08
2019-12-30,1336.14,1328.81,1242.56
2019-12-31,1337.02,1358.53,1234.98
2020-01-02,1367.37,1351.2,1267.66
2020-01-03,1360.66,1384.12,1265.93
2020-01-06,1394.21,1382.63,1276.05
2020-01-07,1393.34,1392.99,1290.7
2020-01-08,1404.32,1407.88,1299.74
2020-01-09,1419.83,1417.15,1308.39
2020-01-10,1429.73,1426.03,1299.19
2020-01-13,1439.23,1417.06,1306.66
2020-01-14,1430.88,1424.76,1318.32
2020-01-15,1439.2,1436.64,1346.16
2020-01-16,1451.7,1464.71,1349.33
2020-01-17,1480.39,1468.11,1350.05
2020-01-21,1484.4,1469.04,1349.91
2020-01-22,1485.95,1469.12,1329.14
2020-01-23,1486.65,1448.56,1295.5
2020-01-24,1466.71,1415.14,1313.33
2020-01-27,1433.9,1433.18,1318.58
2020-01-28,1452.56,1438.64,
2020-01-29,1458.63,,
